tag	category	total	roms	images
Japan	Region	16688	1491	15197
USA	Region	12143	2216	9927
Europe	Region	7048	387	6661
Unl	Unofficial	3321	2203	1118
En	Language	2881	673	2208
World	Region	2464	1479	985
NA	Region	2112	2112	0
Beta	Preview	1990	277	1713
USA, Europe	Region	1925	40	1885
Aftermarket	Unofficial	1911	1829	82
JP	Region	1676	1676	0
Rev 1	Revision	1486	162	1324
Demo	Preview	1196	301	895
Pirate	Unofficial	1196	860	336
Asia	Region	940	708	232
En,Fr,De,Es,It	Language	932	10	922
Disc 1	Disc	865	0	865
Proto	Preview	847	169	678
Disc 2	Disc	838	0	838
Germany	Region	748	13	735
SGB Enhanced	NeedsReview	743	0	743
France	Region	684	16	668
China	Region	625	482	143
EU	Region	594	594	0
GB Compatible	NeedsReview	587	0	587
Virtual Console	Platform	555	138	417
En,Fr,De	Language	414	7	407
Taiwan	Region	365	7	358
Spain	Region	345	22	323
EasyFlash	Platform	333	333	0
Italy	Region	308	2	306
J1	NeedsReview	295	295	0
Beta 1	Preview	291	12	279
Beta 2	Preview	291	13	278
Ja	Language	264	149	115
En,Fr,De,Es,It,Nl	Language	251	0	251
Disc 3	Disc	236	0	236
En,Ja	Language	220	12	208
Japan, USA	Region	220	22	198
Rev A	Revision	214	5	209
En,Fr,De,Es	Language	197	7	190
Korea	Region	190	26	164
Alt	Revision	189	50	139
USA, Europe, Brazil	Region	178	0	178
Rev 2	Revision	156	12	144
Brazil	Region	153	9	144
v1.1	Revision	153	93	60
Europe, Brazil	Region	151	0	151
Japan, Asia	Region	151	0	151
by $olo1870	NeedsReview	140	140	0
2M	NeedsReview	137	0	137
Beta 3	Preview	135	3	132
Evercade	Platform	133	0	133
En,Fr	Language	129	17	112
En,Fr,Es	Language	120	5	115
Disc 4	Disc	117	0	117
Prototype	Preview	116	116	0
NA, Rev 1	Region+Revision	111	111	0
Sample	Preview	110	26	84
Australia	Region	104	24	80
Program	NeedsReview	103	79	24
Russia	Region	94	51	43
NA - FastROM Hack by Kandowontu	HackOrPatchCredit	91	91	0
Beta 4	Preview	89	1	88
USA, Brazil	Region	89	2	87
1M	NeedsReview	88	0	88
Sega Channel	Platform	80	0	80
NP	NeedsReview	78	0	78
Proto 1	Preview	75	10	65
Proto 2	Preview	73	10	63
Beta 5	Preview	72	0	72
En,Fr,De,It	Language	71	2	69
Disk 1	Disc	70	70	0
Disk 2	Disc	70	70	0
NA - Disc 1	Disc+Region	65	65	0
NA - Disc 2	Disc+Region	64	64	0
Beta 6	Preview	62	0	62
Early Days Collection	NeedsReview	59	0	59
Netherlands	Region	59	0	59
KR	Region	55	55	0
Japan, Europe	Region	53	0	53
Beta 7	Preview	52	0	52
v1.0	Revision	52	51	1
Demo 1	Preview	51	14	37
Major Wave	NeedsReview	51	0	51
Demo 2	Preview	50	14	36
Shokai Genteiban	NeedsReview	49	0	49
Wii U Virtual Console	Platform	49	4	45
En,De	Language	47	0	47
Limited Run Games	Label	47	3	44
En,Fr,De,Es,It,Sv	Language	46	2	44
En,Es	Language	44	4	40
En,Fr,De,Es,It,Nl,Sv	Language	43	0	43
Europe, Australia	Region	43	0	43
Beta 8	Preview	42	0	42
En,Ja,Fr,De,Es,It	Language	42	0	42
Japan, Korea	Region	42	0	42
Namcot Collection	NeedsReview	42	21	21
JP, Rev 1	Region+Revision	41	41	0
EDC	NeedsReview	40	0	40
USA, Canada	Region	40	0	40
Beta 9	Preview	39	0	39
Rev B	Revision	39	4	35
En,Es,It	Language	38	0	38
3M	NeedsReview	37	0	37
Mega Drive Mini, Genesis Mini	Platform	37	0	37
Wii Virtual Console	Platform	37	6	31
v1.2	Revision	36	30	6
En,Fr,De,Es,It,Pt	Language	35	0	35
Mega Drive 4	NeedsReview	34	0	34
Fr	Region	33	14	19
Game Disc	Disc	33	0	33
Rumble Version	NeedsReview	33	0	33
Beta 10	Preview	32	0	32
Kiosk	Preview	32	1	31
Sweden	Region	32	3	29
Whirlwind Manu	NeedsReview	32	19	13
Family BASIC	NeedsReview	31	19	12
Kaiser	NeedsReview	31	20	11
LodgeNet	Platform	31	0	31
RE	NeedsReview	31	0	31
Controller Set	NeedsReview	30	0	30
En,Fr,De,Es,It,Nl,Pt,Sv	Language	30	2	28
FBX	NeedsReview	30	30	0
R	NeedsReview	30	22	8
Switch	Platform	30	6	24
b	NeedsReview	30	1	29
Beta 11	Preview	29	0	29
USA, Australia	Region	29	1	28
AES	NeedsReview	28	28	0
Beta 12	Preview	28	0	28
Switch Online	Platform	28	1	27
Unknown	NeedsReview	28	11	17
Rev 3	Revision	27	2	25
En,Fr,De,Nl	Language	26	0	26
Fr,De	Language	26	0	26
Genteiban	NeedsReview	26	0	26
Sega Game Toshokan	Platform	26	0	26
v1.3	Revision	26	21	5
BR	Region	25	25	0
Possible Proto	NeedsReview	25	2	23
JP, Rev A	Region+Revision	24	24	0
Rerelease	NeedsReview	24	0	24
4M	NeedsReview	23	0	23
Beta 13	Preview	23	0	23
Castlevania Anniversary Collection	NeedsReview	23	8	15
PAL	Region	23	17	6
Tengen	NeedsReview	23	9	14
Test Program	NeedsReview	23	11	12
En,Fr,Es,It	Language	22	0	22
FamicomBox	NeedsReview	22	11	11
GameCube	Platform	22	0	22
Retro-Bit	NeedsReview	22	0	22
72 pin cart	NeedsReview	21	17	4
Capcom Town	NeedsReview	21	4	17
NA - FastROM Hack by Kandowontu, Rev 1.1	HackOrPatchCredit	21	21	0
NTSC	NeedsReview	21	16	5
10M	NeedsReview	20	0	20
Byte-Off 2019	NeedsReview	20	20	0
En,Fr,De,Es,It,Nl,Sv,Da	Language	20	0	20
Es,It	Language	20	0	20
GameCube Edition	Platform	20	20	0
Piko Interactive	NeedsReview	20	1	19
Trade Demo	NeedsReview	20	0	20
USA, Europe, Korea	Region	20	1	19
USA, Korea	Region	20	0	20
Atari Flashback	NeedsReview	19	19	0
Beta 14	Preview	19	0	19
Denmark	Region	19	0	19
Beta 15	Preview	18	0	18
Contra Anniversary Collection	NeedsReview	18	4	14
Culture Publishers	NeedsReview	18	0	18
JP - Disc 1	Disc+Region	18	18	0
JP - Disc 2	Disc+Region	18	18	0
NA - Disc 3	Disc+Region	18	18	0
Namcot Collection, Namco Museum Archives Vol 1	NeedsReview	18	9	9
The Cowabunga Collection	NeedsReview	18	7	11
UK	Region	18	0	18
Animal Crossing	NeedsReview	17	0	17
Hack	HackOrPatchCredit	17	16	1
Beta 16	Preview	16	0	16
Music Program	NeedsReview	16	16	0
Othello Multivision	NeedsReview	16	0	16
Proto 3	Preview	16	1	15
Rev 4	Revision	16	0	16
2S	NeedsReview	15	0	15
Alt 2	Revision	15	2	13
Canada	Region	15	1	14
Collection of Mana	NeedsReview	15	0	15
De	Region	15	1	14
Disc B	Disc	15	0	15
En,Ja,Fr,De	Language	15	0	15
Es	Region	15	4	11
Mega Drive Mini 2, Genesis Mini 2	Platform	15	0	15
QUByte Classics	NeedsReview	15	0	15
Taikenban	NeedsReview	15	0	15
Virtual Console, Switch Online	Platform	15	3	12
Waixing	NeedsReview	15	11	4
v1.5	Revision	15	13	2
v2.0	Revision	15	13	2
1S	NeedsReview	14	0	14
Beta 17	Preview	14	0	14
CGB+SGB Enhanced	NeedsReview	14	0	14
Disc A	Disc	14	0	14
Disney Classic Games	Label	14	1	13
FABT	NeedsReview	14	0	14
Hummer Team	NeedsReview	14	5	9
Kiosk, GameCube	Preview+Platform	14	0	14
Netcard	NeedsReview	14	0	14
Norway	Region	14	0	14
Premium Box	NeedsReview	14	0	14
f	NeedsReview	14	14	0
4S	NeedsReview	13	0	13
Arcade	Platform	13	1	12
Debug	NeedsReview	13	0	13
Digital	NeedsReview	13	9	4
En,Fr,De,Es,Nl,Sv	Language	13	0	13
En,Ja,Fr,De,Es	Language	13	0	13
Hong Kong	Region	13	0	13
Japan, Australia	Region	13	0	13
SGB Enhanced, GB Compatible	NeedsReview	13	0	13
Super Game	NeedsReview	13	7	6
e-Reader	Platform	13	0	13
e-Reader Edition	Platform	13	13	0
Beta 18	Preview	12	0	12
Beta 19	Preview	12	0	12
Castlevania Advance Collection	NeedsReview	12	0	12
Disk 3	Disc	12	12	0
En,De,Es,Nl,Sv	Language	12	0	12
En,Fr,De,Es,It,Nl,Sv,No,Da,Fi	Language	12	0	12
En,Fr,De,Es,It,Pt,Sv,No	Language	12	1	11
En,Zh	Language	12	6	6
Finland	Region	12	0	12
Fr,Nl	Language	12	0	12
Idea-Tek	NeedsReview	12	10	2
JP - FastROM Hack by Kandowontu	HackOrPatchCredit	12	12	0
Ka Sheng	NeedsReview	12	8	4
Konami Collector's Series	NeedsReview	12	6	6
Mega Man Legacy Collection	NeedsReview	12	6	6
NA, Rev 2	Region+Revision	12	12	0
NESDev Compo 2016	NeedsReview	12	12	0
Namco Museum Archives Vol 2	NeedsReview	12	6	6
RE-1	NeedsReview	12	0	12
SC-3000	NeedsReview	12	0	12
Sega CD 32X	NeedsReview	12	0	12
The Disney Afternoon Collection	NeedsReview	12	6	6
v1.01	Revision	12	11	1
3S	NeedsReview	11	0	11
Demo 3	Preview	11	5	6
En,De,Es,It	Language	11	0	11
En,Fr,De,Es,It,Nl,Pt	Language	11	0	11
En,Fr,De,Es,Sv	Language	11	0	11
Enhancement Chip	NeedsReview	11	0	11
Europe, Asia	Region	11	6	5
Intellivision Lives!	Platform	11	0	11
Marvel MaXimum Collection	NeedsReview	11	0	11
PlayStation the Best	Platform	11	0	11
Sly Dog Studios	NeedsReview	11	11	0
Special Disc	NeedsReview	11	0	11
Steam	Platform	11	1	10
11M	NeedsReview	10	0	10
3DS Virtual Console	Platform	10	4	6
Alt 1	Revision	10	0	10
Atari Anthology	NeedsReview	10	0	10
Cowabunga Collection, The	NeedsReview	10	0	10
Disc 5	Disc	10	0	10
En,Fr,De,Es,It,Nl,Da	Language	10	0	10
En,Fr,De,Es,Nl	Language	10	0	10
En,Fr,It	Language	10	0	10
English Translated by Zoinkity	TranslationCredit	10	10	0
IE Institute	NeedsReview	10	0	10
Imagineer	NeedsReview	10	0	10
ModRetro Chromatic	NeedsReview	10	0	10
NINA-06	NeedsReview	10	6	4
NTDEC	NeedsReview	10	8	2
Sachen	NeedsReview	10	4	6
Subor Keyboard	NeedsReview	10	10	0
v1.4	Revision	10	8	2
5M	NeedsReview	9	0	9
Atari Lynx Collection 1	Platform	9	0	9
Auto Demo	NeedsReview	9	0	9
Beta 20	Preview	9	0	9
Character Unlock Patch by Gallaux - NA	HackOrPatchCredit	9	9	0
Columbus Circle	NeedsReview	9	0	9
EU - Disc 1	Disc+Region	9	9	0
EU - Disc 2	Disc+Region	9	9	0
English Translated	TranslationCredit	9	9	0
Korean	Region	9	9	0
Mega-CD 32X	NeedsReview	9	0	9
NA - Disc 4	Disc+Region	9	9	0
Namco	NeedsReview	9	4	5
Namcot Collection, Namco Museum Archives Vol 2	NeedsReview	9	5	4
Retro-Bit Generations	NeedsReview	9	2	7
Robert L Bryant	NeedsReview	9	9	0
Shokai Tokutenban	NeedsReview	9	0	9
v0.1	Revision	9	9	0
1995	NeedsReview	8	4	4
60 pin cart	NeedsReview	8	7	1
C&E	NeedsReview	8	5	3
En,Fr,De,Es,It,Nl,Pt,Sv,No,Da	Language	8	0	8
En,Ru	Language	8	0	8
Famicom 3D System	Platform	8	4	4
Fukyuuban	NeedsReview	8	0	8
GDI	NeedsReview	8	0	8
J-Cart	NeedsReview	8	0	8
Limited Edition	NeedsReview	8	2	6
NESDev 2017	NeedsReview	8	8	0
NOD	NeedsReview	8	0	8
PSone Books	NeedsReview	8	0	8
RE2	NeedsReview	8	0	8
Rev 5	Revision	8	1	7
Sega Ages	NeedsReview	8	0	8
Side 1	Disc	8	8	0
Side 2	Disc	8	8	0
Strictly Limited Games	Label	8	0	8
The Game	NeedsReview	8	0	8
UNROM	NeedsReview	8	8	0
prototype	Preview	8	8	0
sai	NeedsReview	8	0	8
set 2	NeedsReview	8	8	0
v0.01	Revision	8	6	2
v0.02	Revision	8	7	1
v1.02	Revision	8	7	1
Beta 21	Preview	7	0	7
Datach	NeedsReview	7	0	7
Deluxe Pack	NeedsReview	7	0	7
Disc 0	Disc	7	0	7
En,Fr,De,Es,It,Nl,Pt,Da	Language	7	0	7
En,Fr,De,Es,It,Nl,Pt,Sv,No,Da,Fi	Language	7	0	7
En,It	Language	7	0	7
En,Nl	Language	7	0	7
English Translated by KingMike's Translations	TranslationCredit	7	7	0
Es,It,Pt	Language	7	0	7
Fr,De,Nl	Language	7	0	7
Game no Kanzume Otokuyou	NeedsReview	7	0	7
It	Region	7	0	7
JP, Rev 2	Region+Revision	7	7	0
Made in USA	NeedsReview	7	0	7
Mega Soft	NeedsReview	7	7	0
Micro Genius	NeedsReview	7	7	0
NA, Rev 1 - FastROM Hack by Kandowontu	HackOrPatchCredit	7	7	0
Ocean	NeedsReview	7	5	2
Prototype - Disc 1	Disc+Preview	7	7	0
Prototype - Disc 2	Disc+Preview	7	7	0
SEGA Classic Collection	NeedsReview	7	0	7
Track 01	NeedsReview	7	7	0
Track 02	NeedsReview	7	7	0
Track 03	NeedsReview	7	7	0
Track 04	NeedsReview	7	7	0
Track 05	NeedsReview	7	7	0
Track 06	NeedsReview	7	7	0
Track 07	NeedsReview	7	7	0
Track 08	NeedsReview	7	7	0
Track 09	NeedsReview	7	7	0
Track 10	NeedsReview	7	7	0
Track 11	NeedsReview	7	7	0
Translated En	TranslationCredit	7	0	7
Virtual Console, Classic Mini, Switch Online	Platform	7	0	7
by hellboy73	NeedsReview	7	7	0
v2.73	Revision	7	7	0
v3.1c	Revision	7	7	0
v5.0	Revision	7	4	3
All Unlocked	NeedsReview	6	0	6
Allies	NeedsReview	6	0	6
Arlasoft - 2021	NeedsReview	6	6	0
Artdink Best Choice	NeedsReview	6	0	6
Beta 22	Preview	6	0	6
Beta 23	Preview	6	0	6
Bulletproof	NeedsReview	6	3	3
Byte-Off 2022	NeedsReview	6	6	0
Capcom Classics Mini Mix	NeedsReview	6	3	3
Collection of SaGa	NeedsReview	6	0	6
DG	NeedsReview	6	6	0
Disk 4	Disc	6	6	0
EU, Rev 1	Region+Revision	6	6	0
Earlier	NeedsReview	6	2	4
En,De,Es	Language	6	1	5
En,Fr,De,It,Nl	Language	6	0	6
En,Ja,Es	Language	6	2	4
En,Ja,Fr	Language	6	0	6
En,Pl	Language	6	6	0
English Translated by AfroJackX, Rev 0.3	TranslationCredit	6	6	0
English Translated by BlackPaladin	TranslationCredit	6	6	0
FS005	NeedsReview	6	6	0
Fingers	NeedsReview	6	0	6
Fr,De,Es,It	Language	6	0	6
Fr,Es,It	Language	6	0	6
Hengge	NeedsReview	6	6	0
JK	NeedsReview	6	6	0
Jaleco	NeedsReview	6	3	3
Jeffrey Wittenhagen's	NeedsReview	6	6	0
Jncota	NeedsReview	6	5	1
Lock-on Combination	NeedsReview	6	0	6
MB-91	NeedsReview	6	4	2
Made in Japan	NeedsReview	6	0	6
Mastertronic	NeedsReview	6	6	0
Mega Man X Legacy Collection	NeedsReview	6	0	6
Metal Gear Solid Collection	NeedsReview	6	3	3
NESDev Compo 2019	NeedsReview	6	6	0
Ninja JaJaMaru Retro Collection	NeedsReview	6	0	6
Not for Resale	NeedsReview	6	1	5
Omake Disc	NeedsReview	6	0	6
Preview	NeedsReview	6	0	6
Rev C	Revision	6	2	4
SNK 40th Anniversary Collection	NeedsReview	6	3	3
Scandinavia	Region	6	0	6
Sega 3D Classics	NeedsReview	6	0	6
Shotenban	NeedsReview	6	0	6
Super Fighter Team	NeedsReview	6	0	6
Toaplan Arcade Garage	Platform	6	0	6
Track 12	NeedsReview	6	6	0
Track 13	NeedsReview	6	6	0
bootleg	NeedsReview	6	6	0
set 1	NeedsReview	6	6	0
v0.04	Revision	6	4	2
v03	Revision	6	0	6
v1.0.1	Revision	6	5	1
v1.00	Revision	6	5	1
v1.04	Revision	6	6	0
v6.0	Revision	6	3	3
1M, 2M	NeedsReview	5	0	5
2016	NeedsReview	5	5	0
2M, 3M	NeedsReview	5	0	5
5S	NeedsReview	5	0	5
7S	NeedsReview	5	0	5
Aladdin Compact Cartridge	NeedsReview	5	3	2
Alt2	Revision	5	5	0
Alt3	Revision	5	5	0
Argentina	Region	5	0	5
BIOS	NeedsReview	5	5	0
BNROM	NeedsReview	5	5	0
Beta 24	Preview	5	0	5
Byte-Off 2020	NeedsReview	5	5	0
Caltron	NeedsReview	5	4	1
Competition Cart	NeedsReview	5	2	3
Coolboy	NeedsReview	5	4	1
Darius Cozmic Collection	NeedsReview	5	0	5
En,Es,Nl,Sv	Language	5	0	5
En,Fr,Nl	Language	5	1	4
English Translated by Mute	TranslationCredit	5	5	0
FAAT	NeedsReview	5	0	5
Fire & Earth	NeedsReview	5	0	5
Fixed	NeedsReview	5	0	5
Kickstarter	NeedsReview	5	5	0
Limited Box	NeedsReview	5	0	5
Lost One Disc	NeedsReview	5	0	5
Mad Dog	NeedsReview	5	0	5
Made in EU	NeedsReview	5	0	5
NA, Rev 1 - Disc 1	Disc+Region+Revision	5	5	0
NA, Rev 1 - Disc 2	Disc+Region+Revision	5	5	0
NESDev Compo 2018	NeedsReview	5	5	0
NESDev Compo 2022	NeedsReview	5	5	0
Opening Disc	NeedsReview	5	0	5
P's Club Special Edition	NeedsReview	5	0	5
PD	NeedsReview	5	5	0
Portugal	Region	5	0	5
Premium Disc	NeedsReview	5	0	5
Premium Edition	NeedsReview	5	0	5
Premium Package	NeedsReview	5	0	5
Pt-BR	NeedsReview	5	5	0
Retro Rewind Collection	NeedsReview	5	0	5
Rockman 123	NeedsReview	5	5	0
Ru	Language	5	5	0
Satakore	NeedsReview	5	0	5
Smash	NeedsReview	5	0	5
Sunsoft	NeedsReview	5	3	2
TXC	NeedsReview	5	3	2
Tokubetsuban	NeedsReview	5	0	5
United Kingdom	NeedsReview	5	1	4
V1.1	Revision	5	0	5
Version 3.5	NeedsReview	5	0	5
Zelda Collection	NeedsReview	5	0	5
hack	HackOrPatchCredit	5	5	0
v0.03	Revision	5	4	1
v0.12	Revision	5	5	0
v0.2	Revision	5	4	1
13M	NeedsReview	4	0	4
1984-01-04	Date	4	0	4
1996	NeedsReview	4	3	1
1998-06-15	Date	4	0	4
1998-07-31	Date	4	0	4
1999-08-19	Date	4	0	4
1999-09-04	Date	4	0	4
1M, 4M	NeedsReview	4	0	4
2000-07-18	Date	4	0	4
2022-10-31	Date	4	4	0
2022-11-01	Date	4	4	0
6M	NeedsReview	4	0	4
980332	NeedsReview	4	2	2
Acclaim	NeedsReview	4	2	2
Activision Anthology - Remix Edition	NeedsReview	4	0	4
Aquasphere	NeedsReview	4	0	4
Arcade CD-ROM	Platform	4	0	4
Arcade Disc	Platform	4	0	4
Arcade Mode	Platform	4	0	4
Beta 25	Preview	4	0	4
Byakko	NeedsReview	4	0	4
Demo - EU	Region+Preview	4	4	0
Earth Federation Disc	NeedsReview	4	0	4
Electronica	NeedsReview	4	2	2
En,Fi	Language	4	0	4
En,Fr,De+En	NeedsReview	4	0	4
En,Fr,De,Es,It,Fi	Language	4	0	4
En,Fr,De,Es,Pt	Language	4	0	4
En,Fr,De,Sv	Language	4	0	4
En,Fr,Es,Nl,Pt,Pl	Language	4	2	2
En,Fr,Es,Pt	Language	4	0	4
En,Ja,Es,Pt	Language	4	0	4
En,Ja,Fr,De,Es,It,Nl,Pt	Language	4	0	4
En,Sv,Fi	Language	4	0	4
English Translated by Hilltop	TranslationCredit	4	4	0
English Translated by John Osborne	TranslationCredit	4	4	0
English Translated, Rev A, by DvD Translations	TranslationCredit	4	4	0
Es,Pt	Language	4	0	4
Extra Disc	NeedsReview	4	0	4
Final Version	NeedsReview	4	3	1
Fr,De,Es	Language	4	0	4
Game no Kanzume Vol. 2	NeedsReview	4	0	4
Gekan	NeedsReview	4	0	4
Genbu	NeedsReview	4	0	4
Grandslam	NeedsReview	4	4	0
Greece	Region	4	0	4
HAL Laboratory	NeedsReview	4	0	4
Hacker	NeedsReview	4	2	2
HeartBeat Catalyst	NeedsReview	4	0	4
Honkakuha de 1300	NeedsReview	4	0	4
Hudson	NeedsReview	4	2	2
J.Y. Company	NeedsReview	4	3	1
JP - Color Fixes by SCD, Rev Final	NeedsReview	4	4	0
JP, Rev B	Region+Revision	4	4	0
Ja,Zh	Language	4	0	4
Joukan	NeedsReview	4	0	4
Juice	NeedsReview	4	0	4
Konami	NeedsReview	4	2	2
Kyoko Disc	NeedsReview	4	0	4
Landsphere	NeedsReview	4	0	4
NA, Rev A	Region+Revision	4	4	0
NES-BK	NeedsReview	4	2	2
NESDev 2022	NeedsReview	4	4	0
NESDev Compo 2014	NeedsReview	4	4	0
NINA-03	NeedsReview	4	2	2
Namco Museum Archives Vol 1	NeedsReview	4	2	2
Promo	Preview	4	0	4
Proto 4	Preview	4	0	4
Psytronik - 2013	NeedsReview	4	4	0
R4 + JogCon	NeedsReview	4	0	4
RE1	NeedsReview	4	0	4
Rev 6	Revision	4	0	4
Second Window	NeedsReview	4	0	4
Seiryuu	NeedsReview	4	0	4
Simplified	NeedsReview	4	2	2
Snake	NeedsReview	4	2	2
Snake Disc	NeedsReview	4	0	4
Sonic Classic Collection	NeedsReview	4	0	4
Soviet	NeedsReview	4	0	4
Super Mega	NeedsReview	4	2	2
Suzaku	NeedsReview	4	0	4
TND - 2021	NeedsReview	4	4	0
TND - 2022	NeedsReview	4	4	0
Track 14	NeedsReview	4	4	0
Track 15	NeedsReview	4	4	0
Track 16	NeedsReview	4	4	0
Track 17	NeedsReview	4	4	0
Track 18	NeedsReview	4	4	0
Track 19	NeedsReview	4	4	0
Track 20	NeedsReview	4	4	0
Track 21	NeedsReview	4	4	0
USA, Germany	Region	4	0	4
Wii and Wii U Virtual Console	Platform	4	2	2
Wind & Fang Tu	NeedsReview	4	0	4
Zeon Disc	NeedsReview	4	0	4
Zh	Language	4	4	0
iam8bit	NeedsReview	4	2	2
v0.22-132	NeedsReview	4	4	0
v0.23	Revision	4	4	0
v0.5	Revision	4	4	0
v04	Revision	4	0	4
v1.0.0	Revision	4	4	0
v2.1	Revision	4	2	2
+1 Tasu Ichi	NeedsReview	3	0	3
1-A	NeedsReview	3	3	0
1-B	NeedsReview	3	3	0
1-G	NeedsReview	3	3	0
12M	NeedsReview	3	0	3
1983-05-02	Date	3	0	3
1983-11-21	Date	3	0	3
1993	NeedsReview	3	2	1
1996-02-05	Date	3	0	3
1996-09-24	Date	3	0	3
1998-07-30	Date	3	0	3
1999-08-07	Date	3	0	3
1999-09-22	Date	3	0	3
1999-10-26	Date	3	0	3
1M, 3M	NeedsReview	3	0	3
2000-01-17	Date	3	0	3
2017-04-21	Date	3	3	0
2019	NeedsReview	3	3	0
2022-09-01	Date	3	3	0
2023-05-20	Date	3	3	0
20M	NeedsReview	3	0	3
3A	NeedsReview	3	0	3
Activision	NeedsReview	3	1	2
Airwalk Studios	NeedsReview	3	3	0
Aleste Collection	NeedsReview	3	0	3
Angelique History	NeedsReview	3	0	3
Antonio Savona - 2019	NeedsReview	3	3	0
Audio Fix Patch by Justin Gibbins - NA	HackOrPatchCredit	3	3	0
Belgium	Region	3	0	3
Best Wing 2800	NeedsReview	3	0	3
Best of the Best	NeedsReview	3	0	3
Beta 26	Preview	3	0	3
Beta 27	Preview	3	0	3
Beta 28	Preview	3	0	3
Beta 29	Preview	3	0	3
Bonus Disc	NeedsReview	3	0	3
Chuukan	NeedsReview	3	0	3
Classic Mini, Switch Online	Platform	3	0	3
Damian Yerrick	NeedsReview	3	3	0
Das Spiel	NeedsReview	3	0	3
Digital Version	NeedsReview	3	3	0
Disc 6	Disc	3	0	3
Disc C	Disc	3	0	3
Dragon Co.	NeedsReview	3	2	1
EU - Disc 3	Disc+Region	3	3	0
En,De,It	Language	3	0	3
En,Es,Pt,Sv,Da	Language	3	0	3
En,Fr,De,Da	Language	3	0	3
En,Fr,De,Es,It,Da	Language	3	0	3
En,Fr,De,Es,It,Nl,Pt,Sv,No,Da,Fi,Pl	Language	3	0	3
En,Fr,De,Es,It,Sv,No	Language	3	0	3
En,Fr,De,Es,It,Sv,No,Da,Fi	Language	3	0	3
En,Fr,De,Es,Nl,Sv,Da	Language	3	0	3
En,Fr,Es,Nl	Language	3	0	3
En,Ja,Fr,De,Es+En,Ja,Fr,De,Es,It	NeedsReview	3	0	3
En,Ja,Fr,De,Es,It,Pt,Ko,Ru,Ar	Language	3	0	3
En,Ja,Zh	Language	3	1	2
En,Pt-BR	NeedsReview	3	2	1
En-US,En-GB,Fr,De,Es,It	NeedsReview	3	0	3
English Translated by Cabbage	TranslationCredit	3	3	0
English Translated by Exxistance	TranslationCredit	3	3	0
English Translated by Hilltop, Rev 1.1	TranslationCredit	3	3	0
English Translated by Lipemco! Translations	TranslationCredit	3	3	0
English Translated by Plissken, Rev 1.0.1	TranslationCredit	3	3	0
English Translated by Psyklax	TranslationCredit	3	3	0
English Translated by Shining Force III Translation Project, Rev 25.1	TranslationCredit	3	3	0
English Translated by Stardust Crusaders	TranslationCredit	3	3	0
English Translated, Rev 1	TranslationCredit	3	3	0
English Translated, Rev 1.1, by Zoinkity	TranslationCredit	3	3	0
Evolution Disc	NeedsReview	3	0	3
Extendo UnCut Edition	NeedsReview	3	3	0
Extract	NeedsReview	3	0	3
FR	Region	3	3	0
Final	NeedsReview	3	1	2
Firebird	NeedsReview	3	3	0
Fukkokuban	NeedsReview	3	0	3
Fukyuuban 1500	NeedsReview	3	0	3
GMod2	NeedsReview	3	3	0
GTROM	NeedsReview	3	3	0
Game no Kanzume Vol. 1	NeedsReview	3	0	3
GameCube Preview	Platform	3	0	3
GameVillage The Best	NeedsReview	3	0	3
Gentei Box	NeedsReview	3	0	3
Go! Go! Casino	NeedsReview	3	0	3
Gran Turismo	NeedsReview	3	0	3
Haplo - 2022	NeedsReview	3	3	0
Houkai-hen	NeedsReview	3	0	3
Hwang Shinwei	NeedsReview	3	2	1
Ice Team - 2013	NeedsReview	3	3	0
In	NeedsReview	3	0	3
JP - Disc 3	Disc+Region	3	3	0
JP, Rev 3	Region+Revision	3	3	0
Japan, Brazil	Region	3	0	3
Jou	NeedsReview	3	2	1
Kitmaker	NeedsReview	3	0	3
Kyouchou-hen	NeedsReview	3	0	3
Le Jeu	NeedsReview	3	0	3
MAX	NeedsReview	3	3	0
Making Disc	NeedsReview	3	0	3
NA - FastROM Hack by MaxwelOlinda	HackOrPatchCredit	3	3	0
NA - Flash Removal Patch by Privateye	HackOrPatchCredit	3	3	0
NA - Undub Patch by C&P-kyun	HackOrPatchCredit	3	3	0
NA, Rev 3	Region+Revision	3	3	0
NESDev 2016	NeedsReview	3	3	0
NESDev Compo 2011	NeedsReview	3	3	0
NESDev Compo 2017	NeedsReview	3	3	0
Not For Resale	NeedsReview	3	1	2
Omake CD	NeedsReview	3	0	3
PC Engine Mini	Platform	3	0	3
Part 1	NeedsReview	3	3	0
Part 2	NeedsReview	3	3	0
Players	NeedsReview	3	2	1
Pokemon Channel	NeedsReview	3	0	3
Premium CD-ROM	NeedsReview	3	0	3
Press Down, Circle, Down, Right, Circle to Set to English	NeedsReview	3	3	0
Prototype - Disc 3	Disc+Preview	3	3	0
RE125	NeedsReview	3	0	3
Reprint	NeedsReview	3	0	3
RetroZone	NeedsReview	3	2	1
Rev 7	Revision	3	0	3
Road Blaster	NeedsReview	3	0	3
SG Enhanced	NeedsReview	3	0	3
Second Dimension	NeedsReview	3	2	1
Sega	NeedsReview	3	2	1
Sega Reactor	NeedsReview	3	0	3
Sega Smash Pack	NeedsReview	3	0	3
Seiken Densetsu Collection	NeedsReview	3	0	3
Simulation Mode	NeedsReview	3	0	3
Songbird	NeedsReview	3	0	3
Special Edition	NeedsReview	3	0	3
SuperVision	NeedsReview	3	2	1
TKROM	NeedsReview	3	3	0
TND - 2019	NeedsReview	3	3	0
Taito	NeedsReview	3	1	2
Tech Demo	NeedsReview	3	1	2
Test Drive	NeedsReview	3	0	3
Thunder Storm	NeedsReview	3	0	3
Track 1	NeedsReview	3	3	0
Track 2	NeedsReview	3	3	0
Track 22	NeedsReview	3	3	0
Track 23	NeedsReview	3	3	0
Traditional	NeedsReview	3	2	1
Trial Edition	NeedsReview	3	2	1
Tsang Hai	NeedsReview	3	3	0
UNROM-512	NeedsReview	3	3	0
USA, Asia	Region	3	1	2
USA, Japan	Region	3	0	3
Un-Worked Design Patch by Lipemco! Translations - NA	TranslationCredit	3	3	0
You	NeedsReview	3	0	3
emu	NeedsReview	3	0	3
v0.11	Revision	3	3	0
v0.13	Revision	3	3	0
v0.14	Revision	3	3	0
v0.15	Revision	3	3	0
v0.16	Revision	3	3	0
v0.21	Revision	3	3	0
v1.0.2	Revision	3	3	0
v1.0.6	Revision	3	3	0
v1.03	Revision	3	3	0
v1.05	Revision	3	3	0
v1.9	Revision	3	3	0
v3.0	Revision	3	2	1
v3.3	Revision	3	0	3
v4.0	Revision	3	2	1
v5.1	Revision	3	2	1
0100396	NeedsReview	2	1	1
0100551	NeedsReview	2	1	1
047	NeedsReview	2	1	1
09-034A PCB	NeedsReview	2	1	1
10.13-10.15 Incl.	NeedsReview	2	0	2
15S	NeedsReview	2	0	2
16 Fighters	NeedsReview	2	1	1
16 People	NeedsReview	2	2	0
1983-01-20	Date	2	0	2
1983-04-07	Date	2	0	2
1983-06-03	Date	2	0	2
1983-09-14	Date	2	0	2
1983-09-20	Date	2	0	2
1983-10-13	Date	2	0	2
1984-01-05	Date	2	0	2
1984-01-13	Date	2	0	2
1984-03-15	Date	2	0	2
1986-06-30	Date	2	1	1
1989-02-23	Date	2	1	1
1989-05-29	Date	2	1	1
1989-12-22	Date	2	1	1
1989-12-xx	NeedsReview	2	1	1
1990-01-18	Date	2	1	1
1990-03-02	Date	2	1	1
1990-03-07	Date	2	1	1
1990-07-04	Date	2	1	1
1990-08-02	Date	2	1	1
1990-08-20	Date	2	1	1
1990-08-23	Date	2	1	1
1990-08-30	Date	2	1	1
1990-09-10	Date	2	1	1
1990-12-28	Date	2	0	2
1991-01-31	Date	2	1	1
1991-04-22	Date	2	1	1
1991-05-06	Date	2	1	1
1991-05-16	Date	2	1	1
1992-08-27	Date	2	1	1
1992-12-10	Date	2	0	2
1993-02-17	Date	2	0	2
1993-05-28	Date	2	2	0
1994-05-30	Date	2	0	2
1994-10-07	Date	2	0	2
1995-04-24	Date	2	0	2
1995-06-12	Date	2	0	2
1995-09-07	Date	2	0	2
1995-09-21	Date	2	0	2
1995-10-03	Date	2	0	2
1995-10-25	Date	2	0	2
1996-02-02	Date	2	0	2
1996-04-11	Date	2	0	2
1996-07-16	Date	2	0	2
1996-11-08	Date	2	0	2
1997-10-31	Date	2	0	2
1998-02-12	Date	2	0	2
1998-02-20	Date	2	0	2
1998-03-10	Date	2	0	2
1998-05-07	Date	2	0	2
1998-06-22	Date	2	0	2
1998-07-16	Date	2	0	2
1998-07-22	Date	2	0	2
1998-12-11	Date	2	0	2
1999-02-03	Date	2	0	2
1999-02-22	Date	2	0	2
1999-09-19	Date	2	0	2
1999-10-07	Date	2	0	2
1999-11-02	Date	2	0	2
1A	NeedsReview	2	0	2
2 Games	Label	2	0	2
2000-02-18	Date	2	0	2
2000-03-22	Date	2	0	2
2000-04-27	Date	2	0	2
2000-06-06	Date	2	0	2
2000-07-10	Date	2	0	2
2000-07-25	Date	2	0	2
2000-08-26	Date	2	0	2
2000-09-01	Date	2	0	2
2000-11-21	Date	2	0	2
2001-02-09	Date	2	0	2
2001-03-13	Date	2	0	2
2002 Version - EU	NeedsReview	2	2	0
200314121	NeedsReview	2	1	1
2003SR7416	NeedsReview	2	1	1
2019-03-11	Date	2	2	0
2021-02-22	Date	2	2	0
2021-03-30	Date	2	2	0
2023-01-09	Date	2	2	0
2023-01-10	Date	2	2	0
2023-04-18	Date	2	2	0
2023-05-17	Date	2	2	0
2023-06-09	Date	2	2	0
2023-07-16	Date	2	2	0
2023-07-23	Date	2	2	0
2023-07-26	Date	2	2	0
2023-08-05	Date	2	2	0
21M	NeedsReview	2	0	2
2A	NeedsReview	2	0	2
2B	NeedsReview	2	0	2
3DO Action Pak	Platform	2	0	2
4 characters	NeedsReview	2	1	1
4-G	NeedsReview	2	2	0
4-in-1	NeedsReview	2	0	2
5S, 6S	NeedsReview	2	0	2
6S	NeedsReview	2	0	2
761214 PCB	NeedsReview	2	1	1
8 Fighters	NeedsReview	2	1	1
8 characters	NeedsReview	2	1	1
8-bit Adventure Anthology - Volume I	NeedsReview	2	0	2
960100549	NeedsReview	2	1	1
970100588	NeedsReview	2	1	1
970100681	NeedsReview	2	1	1
970260	NeedsReview	2	1	1
970307	NeedsReview	2	1	1
970498	NeedsReview	2	1	1
980005	NeedsReview	2	1	1
980186	NeedsReview	2	1	1
981208	NeedsReview	2	1	1
A	NeedsReview	2	0	2
A-N7	NeedsReview	2	1	1
A-N8	NeedsReview	2	1	1
A-Q3	NeedsReview	2	2	0
AB CARD-15	NeedsReview	2	1	1
AP009	NeedsReview	2	1	1
Action 53 Version	NeedsReview	2	2	0
Age of Empires	NeedsReview	2	2	0
Alternative Software	NeedsReview	2	2	0
ArchiMENdes Hen	NeedsReview	2	1	1
Arlasoft - 2020	NeedsReview	2	2	0
Arlasoft - 2022	NeedsReview	2	2	0
Asder	NeedsReview	2	2	0
Audio Fix Patch by Justin Gibbins - JP	HackOrPatchCredit	2	2	0
Audio Remaster Patch by Dark City Productions - JP	HackOrPatchCredit	2	2	0
B	NeedsReview	2	0	2
Bandai the Best	NeedsReview	2	0	2
Bensheng	NeedsReview	2	2	0
Beta 30	Preview	2	0	2
Bit Corp.	NeedsReview	2	0	2
Blue Version	NeedsReview	2	1	1
Brazil, Spain	Region	2	1	1
Build 132	NeedsReview	2	2	0
C	NeedsReview	2	0	2
CK-001	NeedsReview	2	1	1
CRL	NeedsReview	2	2	0
Can Bani Himekuri Calendar	NeedsReview	2	0	2
Carleton Handley - 2020	NeedsReview	2	2	0
Centaurus	NeedsReview	2	2	0
Chiki-Chiki Dog	NeedsReview	2	1	1
Chronicles of Arthur	NeedsReview	2	0	2
Claire-hen	NeedsReview	2	0	2
Co Tung	NeedsReview	2	1	1
Color Dreams	NeedsReview	2	1	1
Commodore	NeedsReview	2	2	0
Competition Cart, Nintendo Power mail-order	NeedsReview	2	0	2
Compilation by Meduza Team, Rev 2.51	NeedsReview	2	2	0
Conector	NeedsReview	2	1	1
Controller Doukon Set	NeedsReview	2	0	2
Cony Soft	NeedsReview	2	2	0
Creative Software	NeedsReview	2	2	0
DS Cheat Cartridge	HackOrPatchCredit	2	0	2
DSI	NeedsReview	2	0	2
DX	NeedsReview	2	1	1
DX Pack	NeedsReview	2	0	2
De+En,Fr,De,Es,It,Nl,Sv,Da	NeedsReview	2	0	2
Demo 4	Preview	2	2	0
Demo 5c	Preview	2	2	0
DigiCube Best Selection	NeedsReview	2	0	2
Digital Release	NeedsReview	2	2	0
Disc-B	Disc	2	0	2
Disc-F	Disc	2	0	2
Disk 1 - JP	Disc+Region	2	2	0
Disk 2 - JP	Disc+Region	2	2	0
Disk 5	Disc	2	2	0
Disk 6	Disc	2	2	0
Disk 7	Disc	2	2	0
Double Density - 1990	NeedsReview	2	2	0
Doukonban	NeedsReview	2	0	2
Dracula Detective	NeedsReview	2	0	2
Dragon Quest IV	NeedsReview	2	2	0
Dual Shock Edition	NeedsReview	2	0	2
ECP	NeedsReview	2	2	0
EJ-4003	NeedsReview	2	1	1
EPROM	NeedsReview	2	1	1
EU - NTSC Conversion by Sakitoshi, Rev 1.3	NeedsReview	2	2	0
EU, Rev 1 - Disc 1	Disc+Region+Revision	2	2	0
EU, Rev 1 - Disc 2	Disc+Region+Revision	2	2	0
Easy Version	NeedsReview	2	1	1
Easy Zapping	NeedsReview	2	0	2
Elite	NeedsReview	2	2	0
En,Ar	Language	2	2	0
En,De,Sv	Language	2	0	2
En,Es,It,Sv	Language	2	0	2
En,Es,Nl	Language	2	0	2
En,Es,Pt	Language	2	0	2
En,Es,Sv	Language	2	0	2
En,Fr,De+En,Fr,De,Es	NeedsReview	2	0	2
En,Fr,De,Es,Fi	Language	2	0	2
En,Fr,De,Es,It,Nl,Ca	Language	2	0	2
En,Fr,De,Es,It,Nl,Sv,No,Da	Language	2	0	2
En,Fr,De,It,Sv,No,Da,Fi	Language	2	0	2
En,Fr,Es,It,Sv	Language	2	0	2
En,Ja,Zh-Hant	NeedsReview	2	0	2
En,Ko	Language	2	0	2
En,Nl,Da	Language	2	0	2
En,Nl,Sv	Language	2	0	2
En,Sv	Language	2	0	2
En,Sv,Da,Fi	Language	2	1	1
En,Sv,No,Da,Fi	Language	2	0	2
Ending Credits Program	NeedsReview	2	1	1
English Translated by AgentOrange and MrRichard999	TranslationCredit	2	2	0
English Translated by Chapu	TranslationCredit	2	2	0
English Translated by Chapu, Rev 1.1	TranslationCredit	2	2	0
English Translated by Dave Shadoff, Filler, MooZ, and Diogo Ribeiro	TranslationCredit	2	2	0
English Translated by Derek Pascarella	TranslationCredit	2	2	0
English Translated by MZ, Rev 0.01	TranslationCredit	2	2	0
English Translated by Malenko, Rev 0.91	TranslationCredit	2	2	0
English Translated by Mr.Nobody	TranslationCredit	2	2	0
English Translated by Nebulous Translations	TranslationCredit	2	2	0
English Translated by SnowyAria	TranslationCredit	2	2	0
English Translated by Spinner 8 and Friends	TranslationCredit	2	2	0
English Translated by Supper	TranslationCredit	2	2	0
English Translated, Rev 0.98	TranslationCredit	2	2	0
English Translated, Rev 0.99, by AgentOrange and Jink640	TranslationCredit	2	2	0
English Translated, Rev 0.99, by Dave Shadoff	TranslationCredit	2	2	0
English Translated, Rev 1.01, by Stardust Crusaders	TranslationCredit	2	2	0
Enhanced	NeedsReview	2	1	1
Episode 1 - Tsuki no Shinden	NeedsReview	2	0	2
Episode 2 - Shitou! Wily Numbers	NeedsReview	2	0	2
Episode 3 - Saigo no Tatakai!!	NeedsReview	2	0	2
Es+En,Fr,De,Es,It,Nl,Sv,Da	NeedsReview	2	0	2
Europe, Hong Kong	Region	2	1	1
Europe, Korea	Region	2	0	2
EverQuest	NeedsReview	2	2	0
FAAT, FACT	NeedsReview	2	0	2
FC-28 5027	NeedsReview	2	1	1
FK-8380	NeedsReview	2	1	1
Fast Tanks	NeedsReview	2	0	2
Fine Studio	NeedsReview	2	1	1
Fr+En,Fr,De,Es,It,Nl,Sv,Da	NeedsReview	2	0	2
Fr,Cs	Language	2	0	2
Fr,De,It	Language	2	0	2
Fr,Es,It,Pt	Language	2	0	2
From Tokimeki Memorial - JP	NeedsReview	2	2	0
Front Mission History	NeedsReview	2	0	2
GB Showdown	NeedsReview	2	0	2
GDI Disc	NeedsReview	2	0	2
GOG	Platform	2	0	2
Ge	NeedsReview	2	1	1
Ge De	NeedsReview	2	1	1
Genteiban!	NeedsReview	2	1	1
Gouder	NeedsReview	2	1	1
Grand Trial Onnanoco	NeedsReview	2	0	2
Green Disc	NeedsReview	2	0	2
Hi-Tec - Unreleased	NeedsReview	2	2	0
Hibaihin	NeedsReview	2	0	2
Hilarious AI English Dub by Sideside	NeedsReview	2	2	0
Honpen Game Sen'you	NeedsReview	2	0	2
Hoshi no Kirby - 20 Shuunen Special Collection	NeedsReview	2	0	2
Ichi	NeedsReview	2	0	2
Incube8 Games	Label	2	0	2
Intellivision	Platform	2	2	0
International Version	NeedsReview	2	0	2
Ireland	Region	2	0	2
Israel	Region	2	0	2
It+En,Fr,De,Es,It,Nl,Sv,Da	NeedsReview	2	0	2
J-C5	NeedsReview	2	1	1
JP - Disc 1 - Time Gal	NeedsReview	2	2	0
JP - Disc 2 - Ninja Hayate	NeedsReview	2	2	0
JP - Disc 2 - Road Blaster	NeedsReview	2	2	0
JP - Disc 4	Disc+Region	2	2	0
JP - English Translated by Cirosan With The Chilling Cut Patch by Darkanioid1997	TranslationCredit	2	1	1
JP - Flash Removal Patch by Privateye	HackOrPatchCredit	2	2	0
JP, Rev 4	Region+Revision	2	2	0
JP, Rev 5	Region+Revision	2	2	0
Japan, Europe, Brazil	Region	2	0	2
Japan, USA, Brazil	Region	2	0	2
Japanese	NeedsReview	2	2	0
Japanese Version	NeedsReview	2	0	2
Java Tea Original	NeedsReview	2	0	2
K-F1	NeedsReview	2	1	1
KS-7017	NeedsReview	2	2	0
KS-7050	NeedsReview	2	2	0
Kemco	NeedsReview	2	1	1
Kids Station Controller Set	NeedsReview	2	0	2
Kirby's Dream Collection - Special Edition	NeedsReview	2	0	2
Ko	Language	2	0	2
Kor	Region	2	2	0
Koudansha Rengou Kikaku Tokubetsu Disc	NeedsReview	2	0	2
Kyugo	NeedsReview	2	1	1
LA02	NeedsReview	2	2	0
LA21	NeedsReview	2	2	0
LC Games - 2022	NeedsReview	2	2	0
LH31	NeedsReview	2	2	0
Launch Cart	NeedsReview	2	0	2
Leon-hen	NeedsReview	2	0	2
Let's Surogoku	NeedsReview	2	0	2
Ludum Dare 38	NeedsReview	2	2	0
Ludum Dare 49	NeedsReview	2	2	0
M-O9	NeedsReview	2	1	1
MAX v02	NeedsReview	2	2	0
Made in E.U.	NeedsReview	2	0	2
Made in U.S.A.	NeedsReview	2	0	2
Mars Production	NeedsReview	2	1	1
Mega Drive Mini 2, Genesis Mini 2, Toaplan Arcade Garage	Platform	2	0	2
Mega Man X Collection	NeedsReview	2	0	2
Mega Power, Sega Pro	NeedsReview	2	0	2
Megastyle - 2022	NeedsReview	2	2	0
Meinu Quan	NeedsReview	2	1	1
Menu	NeedsReview	2	0	2
Midway Classics	NeedsReview	2	0	2
Mr Micro	NeedsReview	2	2	0
NA - Content Restoration Patch by RealGaea, Rev 1.2 3b - Arcade Remix Version	HackOrPatchCredit	2	2	0
NA - Content Restoration Patch by SCD, Rev Final	HackOrPatchCredit	2	2	0
NA - Disc 1 - Allies	NeedsReview	2	2	0
NA - Disc 1 - GDI	NeedsReview	2	2	0
NA - Disc 1 - Un-Working Designs Patch by Supper	HackOrPatchCredit	2	2	0
NA - Disc 2 - NOD	NeedsReview	2	2	0
NA - Disc 2 - Soviet	NeedsReview	2	2	0
NA - Disc 2 - Un-Working Designs Patch by Supper	HackOrPatchCredit	2	2	0
NA - FastROM Hack by Kandowontu, Rev 1.2	HackOrPatchCredit	2	2	0
NA - Japanese Features Restoration Patch by SCD, Rev Final	HackOrPatchCredit	2	2	0
NA - Project Pro Skater Volume 4 Patch by Casey Mongillo	HackOrPatchCredit	2	2	0
NA - Secret Characters Unlocked Patch by Docrow	HackOrPatchCredit	2	2	0
NA - Undub Patch by Swosho	HackOrPatchCredit	2	2	0
NA, Rev 1 - Disc 3	Disc+Region+Revision	2	2	0
NA, Rev 1 - Disc 4	Disc+Region+Revision	2	2	0
NES-N7	NeedsReview	2	1	1
NESDev 2011	NeedsReview	2	2	0
NESDev 2014	NeedsReview	2	2	0
NESDev 2018	NeedsReview	2	2	0
NOD Disc	NeedsReview	2	0	2
NROM	NeedsReview	2	2	0
NT-6079	NeedsReview	2	1	1
NT-6088	NeedsReview	2	1	1
NT-622	NeedsReview	2	1	1
NT-656	NeedsReview	2	1	1
Namco Anthology 1	NeedsReview	2	1	1
Nanjing	NeedsReview	2	2	0
Nei-Hu	NeedsReview	2	1	1
Nescafe-ban	NeedsReview	2	0	2
Ni	NeedsReview	2	0	2
Ninja Hayate	NeedsReview	2	0	2
NintendoAge	NeedsReview	2	2	0
Nioreh	NeedsReview	2	2	0
Nl,Pt	Language	2	0	2
No Sound	NeedsReview	2	2	0
Normalized	NeedsReview	2	2	0
Otameshi Disc	NeedsReview	2	0	2
PAL-MA-0	NeedsReview	2	1	1
PAL-MC-0, Classic Series	NeedsReview	2	1	1
PCB	NeedsReview	2	2	0
Part A	NeedsReview	2	0	2
Part B	NeedsReview	2	0	2
Part One	NeedsReview	2	0	2
Part Two	NeedsReview	2	0	2
Password Version	NeedsReview	2	0	2
Pl	Language	2	2	0
Pokemon Box	NeedsReview	2	0	2
Preliminary Speed Version	NeedsReview	2	2	0
Preview Edition by Namco	NeedsReview	2	0	2
Princess Kurara	NeedsReview	2	0	2
Project EGG	NeedsReview	2	1	1
Proto 5	Preview	2	0	2
Psytronik - 2012	NeedsReview	2	2	0
Psytronik - 2016	NeedsReview	2	2	0
Putative Proto	NeedsReview	2	0	2
R-B1	NeedsReview	2	1	1
RC.2	NeedsReview	2	2	0
RCM Group	NeedsReview	2	1	1
RE3	NeedsReview	2	0	2
Rabbit Software	NeedsReview	2	2	0
Ratalaika Games	Label	2	0	2
Red Art Games	Label	2	0	2
Reinhart Version	NeedsReview	2	0	2
Renkaban	NeedsReview	2	0	2
Rev 1.2	Revision	2	1	1
Rev 1.4	Revision	2	1	1
Rev 10	Revision	2	0	2
Rev 8	Revision	2	0	2
S-R2	NeedsReview	2	1	1
SA-002 3011 PCB	NeedsReview	2	1	1
SA-016 PCB	NeedsReview	2	1	1
SABS	NeedsReview	2	0	2
SCUS-94489	NeedsReview	2	0	2
SGROM	NeedsReview	2	2	0
SN 406	NeedsReview	2	1	1
SNS-XM	NeedsReview	2	0	2
Samar Productions	NeedsReview	2	2	0
Scott Holder	NeedsReview	2	2	0
Sega Smash Pack 2	NeedsReview	2	0	2
SegaNet	NeedsReview	2	0	2
Shindou Edition	NeedsReview	2	0	2
Shockwave - Invasion Earth	NeedsReview	2	0	2
Shockwave - Operation Jumpgate	NeedsReview	2	0	2
Shokai Gentei Deluxe Pack	NeedsReview	2	0	2
Shokai Gentei Seisanban	NeedsReview	2	0	2
Shokai Gentei Special Box	NeedsReview	2	0	2
Shokai Tokuten Reinhart Genteiban	NeedsReview	2	0	2
Shokai Tokuten Yan Genteiban	NeedsReview	2	0	2
Shouhin Golf Tournament US Course	NeedsReview	2	1	1
Simultaneous 2 Player Game	NeedsReview	2	0	2
Sonic Mega Collection	NeedsReview	2	0	2
Sound Data	NeedsReview	2	2	0
Sovietiques	NeedsReview	2	0	2
Space General	NeedsReview	2	2	0
Spike Library	NeedsReview	2	0	2
Star Fox - Assault	NeedsReview	2	0	2
Subor	NeedsReview	2	1	1
Sumaru TV Special Preview Disc	NeedsReview	2	0	2
Super 308	NeedsReview	2	1	1
Super Mario All-Stars - 25th Anniversary	NeedsReview	2	0	2
Super Mega Drive 3	NeedsReview	2	0	2
Supercom	NeedsReview	2	1	1
Sv	Language	2	2	0
Sv,No,Da,Fi	Language	2	0	2
T-A1	NeedsReview	2	1	1
TGROM	NeedsReview	2	2	0
TND - 2000	NeedsReview	2	2	0
TND - 2001	NeedsReview	2	2	0
TND - 2002	NeedsReview	2	2	0
TND - 2005	NeedsReview	2	2	0
TND - 2013	NeedsReview	2	2	0
TND - 2015	NeedsReview	2	2	0
TND - 2016	NeedsReview	2	2	0
TND - 2017	NeedsReview	2	2	0
TND - 2023	NeedsReview	2	2	0
TONY-I PCB	NeedsReview	2	1	1
Taisen Game Sen'you	NeedsReview	2	0	2
The First Generation	NeedsReview	2	0	2
The Making of	NeedsReview	2	0	2
The Power House	NeedsReview	2	2	0
Time Gal	NeedsReview	2	0	2
Track 24	NeedsReview	2	2	0
Track 25	NeedsReview	2	2	0
Track 26	NeedsReview	2	2	0
Track 27	NeedsReview	2	2	0
Track 28	NeedsReview	2	2	0
Track 29	NeedsReview	2	2	0
Track 3	NeedsReview	2	2	0
Track 30	NeedsReview	2	2	0
Track 31	NeedsReview	2	2	0
Track 32	NeedsReview	2	2	0
Track 33	NeedsReview	2	2	0
Track 34	NeedsReview	2	2	0
Track 35	NeedsReview	2	2	0
Track 36	NeedsReview	2	2	0
Track 37	NeedsReview	2	2	0
Track 38	NeedsReview	2	2	0
USA Wii Virtual Console, Wii U Virtual Console	Platform	2	1	1
Un-Worked Design Patch by Supper - NA	HackOrPatchCredit	2	2	0
V1.00D	Revision	2	2	0
V3	Revision	2	2	0
VPick Included	NeedsReview	2	0	2
Vector5 Games - 2022	NeedsReview	2	2	0
Version 4	NeedsReview	2	0	2
Very Easy Version	NeedsReview	2	1	1
Victor	NeedsReview	2	1	1
Visual Demo	NeedsReview	2	2	0
Vivendi	NeedsReview	2	0	2
Vol. 1 - Toki no Maigo	NeedsReview	2	0	2
Wings of Destiny	NeedsReview	2	0	2
Xianfeng	NeedsReview	2	2	0
YS-612 PCB	NeedsReview	2	1	1
YUNG-08 PCB	NeedsReview	2	1	1
Ya Se Chuanshuo	NeedsReview	2	0	2
Yi	Language	2	1	1
Young Chivalry	NeedsReview	2	2	0
Zeppelin Games	Label	2	2	0
Zh-Hans	NeedsReview	2	0	2
Zh-Hant	NeedsReview	2	0	2
Zhenhua	NeedsReview	2	2	0
ghostlop	NeedsReview	2	2	0
ironclad	NeedsReview	2	2	0
japan	Region	2	0	2
proto	Preview	2	2	0
set 3	NeedsReview	2	2	0
v0.06	Revision	2	1	1
v0.08	Revision	2	2	0
v0.09	Revision	2	2	0
v0.1.2	Revision	2	1	1
v0.10	Revision	2	2	0
v0.17	Revision	2	2	0
v0.18	Revision	2	2	0
v0.19	Revision	2	2	0
v0.1c	Revision	2	2	0
v0.20	Revision	2	2	0
v0.22	Revision	2	2	0
v0.28	Revision	2	1	1
v0.29	Revision	2	0	2
v0.3	Revision	2	1	1
v0.3.4	Revision	2	2	0
v0.4	Revision	2	2	0
v0.45	Revision	2	2	0
v0.46	Revision	2	2	0
v0.47	Revision	2	2	0
v0.6	Revision	2	2	0
v0.60	Revision	2	2	0
v0.980	Revision	2	2	0
v02	Revision	2	2	0
v06	Revision	2	0	2
v1.0.3	Revision	2	2	0
v1.0.4	Revision	2	2	0
v1.0.5	Revision	2	2	0
v1.06	Revision	2	2	0
v1.1.0	Revision	2	2	0
v1.2.0	Revision	2	2	0
v1.30	Revision	2	2	0
v2.0.0	Revision	2	2	0
v2.0.1	Revision	2	2	0
v2.01	Revision	2	2	0
v2.03	Revision	2	2	0
v2.11	Revision	2	0	2
v2.110	Revision	2	2	0
v2.2	Revision	2	1	1
v2.3	Revision	2	0	2
v2.6	Revision	2	0	2
v3.1	Revision	2	0	2
v3.11.088	Revision	2	1	1
v3.12.027	Revision	2	1	1
v3.6	Revision	2	1	1
v5.01.033	Revision	2	1	1
v6.02.001	Revision	2	1	1
v6.02.002	Revision	2	1	1
v6.1	Revision	2	1	1
v9.03.128	Revision	2	1	1
vA1	NeedsReview	2	0	2
www.retroPLAYER.nl	NeedsReview	2	2	0
'94.9.1 Version 1.0	NeedsReview	1	0	1
'95.8.1 Version 1.0 R2.0	NeedsReview	1	0	1
'96 Tokyo Omocha Show	NeedsReview	1	0	1
0.10b	NeedsReview	1	1	0
0.26	NeedsReview	1	1	0
0100382	NeedsReview	1	1	0
0100703	NeedsReview	1	1	0
0100705	NeedsReview	1	1	0
0100725	NeedsReview	1	1	0
05838962	NeedsReview	1	0	1
1 EPROM	NeedsReview	1	0	1
10.11-10.13 Incl.	NeedsReview	1	0	1
10M, 11M	NeedsReview	1	0	1
10M, 11M, 12M, 13M	NeedsReview	1	0	1
10M, 12M	NeedsReview	1	0	1
10S	NeedsReview	1	0	1
12S	NeedsReview	1	0	1
150-in-1 Real Game	NeedsReview	1	1	0
15M	NeedsReview	1	0	1
18 Fighter	NeedsReview	1	1	0
1978-08-07	Date	1	0	1
1982	NeedsReview	1	0	1
1982 Version	NeedsReview	1	1	0
1982-04-04	Date	1	0	1
1982-08-12	Date	1	0	1
1982-08-18	Date	1	0	1
1982-08-26	Date	1	0	1
1982-11-05	Date	1	0	1
1982-11-19	Date	1	0	1
1982-12-05	Date	1	0	1
1982-12-08	Date	1	0	1
1982-12-15	Date	1	0	1
1982-12-17	Date	1	0	1
1982-12-22	Date	1	0	1
1983	NeedsReview	1	0	1
1983-01-05	Date	1	0	1
1983-02-01	Date	1	0	1
1983-02-04	Date	1	0	1
1983-02-11	Date	1	0	1
1983-02-17	Date	1	0	1
1983-02-23	Date	1	0	1
1983-02-25	Date	1	0	1
1983-03-09	Date	1	0	1
1983-03-21	Date	1	0	1
1983-03-28	Date	1	0	1
1983-04-11	Date	1	0	1
1983-04-14	Date	1	0	1
1983-05-03	Date	1	0	1
1983-05-06	Date	1	0	1
1983-05-10	Date	1	0	1
1983-05-12	Date	1	0	1
1983-05-17	Date	1	0	1
1983-05-18	Date	1	0	1
1983-05-27	Date	1	0	1
1983-06-01	Date	1	0	1
1983-06-02	Date	1	0	1
1983-06-12	Date	1	0	1
1983-06-15	Date	1	0	1
1983-06-18	Date	1	0	1
1983-06-20	Date	1	0	1
1983-06-24	Date	1	0	1
1983-07-04	Date	1	0	1
1983-07-06	Date	1	0	1
1983-07-16	Date	1	0	1
1983-07-19	Date	1	0	1
1983-07-27	Date	1	0	1
1983-07-31	Date	1	0	1
1983-08-02	Date	1	0	1
1983-08-03	Date	1	0	1
1983-08-10	Date	1	0	1
1983-08-12	Date	1	0	1
1983-08-15	Date	1	0	1
1983-08-25	Date	1	0	1
1983-08-30	Date	1	0	1
1983-08-31	Date	1	0	1
1983-08-xx	NeedsReview	1	0	1
1983-09-02	Date	1	0	1
1983-09-15	Date	1	0	1
1983-09-19	Date	1	0	1
1983-09-30	Date	1	0	1
1983-10-12	Date	1	0	1
1983-10-31	Date	1	0	1
1983-11-03	Date	1	0	1
1983-11-15	Date	1	0	1
1983-11-16	Date	1	0	1
1983-11-23	Date	1	0	1
1983-12-16	Date	1	0	1
1983-12-20	Date	1	0	1
1983-12-29	Date	1	0	1
1983-xx-xx	NeedsReview	1	0	1
1984-01-18	Date	1	0	1
1984-01-20	Date	1	0	1
1984-01-26	Date	1	0	1
1984-01-31	Date	1	0	1
1984-02-29	Date	1	0	1
1984-04-12	Date	1	0	1
1984-04-13	Date	1	0	1
1984-04-18	Date	1	0	1
1984-04-20	Date	1	0	1
1984-04-23	Date	1	0	1
1984-05-02	Date	1	0	1
1984-05-08	Date	1	0	1
1984-05-10	Date	1	0	1
1984-05-15	Date	1	0	1
1984-05-21	Date	1	0	1
1984-06-15	Date	1	0	1
1984-06-22	Date	1	0	1
1984-09-13	Date	1	0	1
1987-02-23	Date	1	0	1
1987-03-09	Date	1	0	1
1987-03-25	Date	1	0	1
1987-05-01	Date	1	0	1
1987-12-16	Date	1	0	1
1988-04-29	Date	1	0	1
1988-05-20	Date	1	1	0
1988-06-04	Date	1	0	1
1988-10-13	Date	1	0	1
1988-11-xx	NeedsReview	1	0	1
1989-02-05	Date	1	1	0
1989-03-03	Date	1	0	1
1989-05-25	Date	1	1	0
1989-06-01	Date	1	0	1
1989-06-02	Date	1	0	1
1989-10-20	Date	1	0	1
1989-12-24	Date	1	0	1
1989-xx-xx	NeedsReview	1	1	0
1990-01-12	Date	1	0	1
1990-02-02	Date	1	1	0
1990-03-30	Date	1	0	1
1990-04-27	Date	1	1	0
1990-04-28	Date	1	1	0
1990-05-08	Date	1	1	0
1990-05-15	Date	1	1	0
1990-05-22	Date	1	0	1
1990-06-04	Date	1	0	1
1990-07-03	Date	1	1	0
1990-07-09	Date	1	0	1
1990-09-26	Date	1	0	1
1990-11-07	Date	1	0	1
1990-11-12	Date	1	0	1
1991	NeedsReview	1	1	0
1991-01-23	Date	1	0	1
1991-01-30	Date	1	0	1
1991-03-18	Date	1	0	1
1991-05-02	Date	1	0	1
1991-05-03	Date	1	0	1
1991-05-15	Date	1	0	1
1991-05-20	Date	1	0	1
1991-07-03	Date	1	0	1
1991-07-16	Date	1	0	1
1991-08-02	Date	1	0	1
1991-09-06	Date	1	0	1
1991-10-01	Date	1	0	1
1991-11-02	Date	1	0	1
1991-11-15	Date	1	0	1
1991-11-20	Date	1	0	1
1991-12-19	Date	1	1	0
1992-04-03	Date	1	0	1
1992-05-08	Date	1	0	1
1992-05-26	Date	1	0	1
1992-05-29	Date	1	0	1
1992-06-22	Date	1	0	1
1992-07-02	Date	1	0	1
1992-08-11	Date	1	0	1
1992-08-21	Date	1	1	0
1992-08-24	Date	1	1	0
1992-08-28	Date	1	0	1
1992-09-02	Date	1	0	1
1992-09-16	Date	1	0	1
1992-09-29	Date	1	0	1
1992-10-06	Date	1	0	1
1992-10-13	Date	1	0	1
1992-10-28	Date	1	0	1
1992-11-05	Date	1	0	1
1992-11-10	Date	1	0	1
1992-11-26	Date	1	0	1
1992-12-04	Date	1	0	1
1992-12-11	Date	1	0	1
1992-12-15	Date	1	0	1
1993-01-10	Date	1	0	1
1993-01-19	Date	1	0	1
1993-02-15	Date	1	0	1
1993-03-03	Date	1	0	1
1993-03-19	Date	1	0	1
1993-04-01	Date	1	0	1
1993-04-11	Date	1	0	1
1993-04-12	Date	1	0	1
1993-04-21	Date	1	0	1
1993-04-22	Date	1	0	1
1993-05-07	Date	1	0	1
1993-05-11	Date	1	0	1
1993-05-13	Date	1	0	1
1993-05-19	Date	1	0	1
1993-06-16	Date	1	1	0
1993-06-21	Date	1	0	1
1993-06-22	Date	1	0	1
1993-06-30	Date	1	1	0
1993-07-09	Date	1	1	0
1993-07-12	Date	1	0	1
1993-07-20	Date	1	0	1
1993-07-22	Date	1	0	1
1993-08-01	Date	1	0	1
1993-08-02	Date	1	0	1
1993-08-06	Date	1	0	1
1993-08-18	Date	1	0	1
1993-08-19	Date	1	0	1
1993-08-23	Date	1	0	1
1993-09-13	Date	1	0	1
1993-09-24	Date	1	1	0
1993-09-27	Date	1	0	1
1993-10-01	Date	1	0	1
1993-10-04	Date	1	0	1
1993-10-06	Date	1	0	1
1993-10-11	Date	1	0	1
1993-10-12	Date	1	0	1
1993-10-13	Date	1	0	1
1993-10-19	Date	1	1	0
1993-10-21	Date	1	0	1
1993-10-26	Date	1	0	1
1993-11-10	Date	1	0	1
1993-11-12	Date	1	0	1
1993-11-23	Date	1	0	1
1993-12-03	Date	1	0	1
1993-12-09	Date	1	0	1
1993-12-17	Date	1	0	1
1993-12-24	Date	1	0	1
1994-01-18	Date	1	0	1
1994-02-04	Date	1	0	1
1994-02-22	Date	1	0	1
1994-03-07	Date	1	0	1
1994-03-21	Date	1	0	1
1994-04-08	Date	1	0	1
1994-04-14	Date	1	0	1
1994-05-24	Date	1	0	1
1994-06-14	Date	1	0	1
1994-06-21	Date	1	0	1
1994-07-04	Date	1	0	1
1994-07-13	Date	1	0	1
1994-07-22	Date	1	0	1
1994-07-27	Date	1	0	1
1994-08-02	Date	1	0	1
1994-08-08	Date	1	0	1
1994-08-09	Date	1	0	1
1994-08-25	Date	1	0	1
1994-09-04	Date	1	0	1
1994-09-05	Date	1	0	1
1994-09-06	Date	1	0	1
1994-09-14	Date	1	0	1
1994-09-15	Date	1	0	1
1994-09-23	Date	1	0	1
1994-09-26	Date	1	0	1
1994-10-06	Date	1	0	1
1994-10-12	Date	1	0	1
1994-10-14	Date	1	0	1
1994-10-28	Date	1	0	1
1994-11-14	Date	1	0	1
1994-11-23	Date	1	0	1
1994-12-08	Date	1	0	1
1994-12-21	Date	1	0	1
1995-01-13	Date	1	0	1
1995-01-16	Date	1	0	1
1995-02-14	Date	1	0	1
1995-02-22	Date	1	0	1
1995-02-23	Date	1	0	1
1995-03-20	Date	1	0	1
1995-03-22	Date	1	0	1
1995-03-23	Date	1	0	1
1995-03-28	Date	1	0	1
1995-05-11	Date	1	0	1
1995-05-15	Date	1	0	1
1995-06-01	Date	1	0	1
1995-06-08	Date	1	0	1
1995-06-09	Date	1	0	1
1995-06-11	Date	1	0	1
1995-07-05	Date	1	0	1
1995-08-01	Date	1	0	1
1995-08-11	Date	1	0	1
1995-08-21	Date	1	0	1
1995-08-24	Date	1	0	1
1995-08-30	Date	1	0	1
1995-09-02	Date	1	0	1
1995-09-06	Date	1	0	1
1995-09-11	Date	1	0	1
1995-09-12	Date	1	0	1
1995-09-22	Date	1	0	1
1995-09-25	Date	1	0	1
1995-09-29	Date	1	0	1
1995-10-05	Date	1	0	1
1995-10-17	Date	1	0	1
1995-10-18	Date	1	0	1
1995-10-19	Date	1	0	1
1995-10-20	Date	1	0	1
1995-10-21	Date	1	0	1
1995-10-24	Date	1	0	1
1995-10-26	Date	1	0	1
1995-11-07	Date	1	0	1
1995-11-18	Date	1	0	1
1995-11-23	Date	1	0	1
1995-12-15	Date	1	0	1
1995-12-21	Date	1	0	1
1995-12-22	Date	1	0	1
1996-01-11	Date	1	0	1
1996-01-31	Date	1	0	1
1996-02-14	Date	1	0	1
1996-02-16	Date	1	0	1
1996-02-19	Date	1	0	1
1996-03-05	Date	1	0	1
1996-03-25	Date	1	0	1
1996-04-09	Date	1	0	1
1996-04-16	Date	1	0	1
1996-05-13	Date	1	0	1
1996-05-14	Date	1	0	1
1996-05-22	Date	1	0	1
1996-05-28	Date	1	0	1
1996-05-29	Date	1	0	1
1996-05-31	Date	1	0	1
1996-06-08	Date	1	0	1
1996-07-05	Date	1	0	1
1996-07-12	Date	1	0	1
1996-07-15	Date	1	0	1
1996-07-22	Date	1	0	1
1996-07-23	Date	1	0	1
1996-08-08	Date	1	0	1
1996-08-30	Date	1	0	1
1996-09-06	Date	1	0	1
1996-09-18	Date	1	0	1
1996-09-25	Date	1	0	1
1996-09-30	Date	1	0	1
1996-10-11	Date	1	0	1
1996-10-15	Date	1	0	1
1996-10-29	Date	1	0	1
1996-11-02	Date	1	0	1
1996-11-06	Date	1	0	1
1996-11-21	Date	1	0	1
1996-11-30	Date	1	0	1
1996-12-10	Date	1	0	1
1996-12-24	Date	1	0	1
1997-01-11	Date	1	0	1
1997-01-26	Date	1	0	1
1997-01-30	Date	1	0	1
1997-02-05	Date	1	0	1
1997-02-16	Date	1	0	1
1997-04-01	Date	1	0	1
1997-04-07	Date	1	0	1
1997-04-29	Date	1	0	1
1997-05-19	Date	1	0	1
1997-05-26	Date	1	0	1
1997-06-19	Date	1	0	1
1997-07-11	Date	1	0	1
1997-08-01	Date	1	0	1
1997-08-07	Date	1	0	1
1997-08-11	Date	1	0	1
1997-08-12	Date	1	0	1
1997-08-15	Date	1	0	1
1997-08-20	Date	1	0	1
1997-08-25	Date	1	0	1
1997-09-02	Date	1	0	1
1997-09-07	Date	1	0	1
1997-09-12	Date	1	0	1
1997-09-16	Date	1	0	1
1997-09-17	Date	1	0	1
1997-09-18	Date	1	0	1
1997-09-29	Date	1	0	1
1997-09-30	Date	1	0	1
1997-10-01	Date	1	0	1
1997-10-07	Date	1	0	1
1997-11-01	Date	1	0	1
1997-11-17	Date	1	0	1
1997-11-26	Date	1	0	1
1997-12-01	Date	1	0	1
1997-12-12	Date	1	0	1
1997-12-15	Date	1	0	1
1998-01-09	Date	1	0	1
1998-01-23	Date	1	0	1
1998-01-29	Date	1	0	1
1998-02-03	Date	1	0	1
1998-02-05	Date	1	0	1
1998-02-24	Date	1	0	1
1998-03-02	Date	1	0	1
1998-03-30	Date	1	0	1
1998-03-31	Date	1	0	1
1998-04-03	Date	1	0	1
1998-04-09	Date	1	0	1
1998-04-21	Date	1	0	1
1998-04-22	Date	1	0	1
1998-04-23	Date	1	0	1
1998-05-05	Date	1	0	1
1998-05-11	Date	1	0	1
1998-05-25	Date	1	0	1
1998-05-27	Date	1	0	1
1998-06-06	Date	1	0	1
1998-06-11	Date	1	0	1
1998-06-19	Date	1	0	1
1998-06-23	Date	1	0	1
1998-06-28	Date	1	0	1
1998-06-29	Date	1	0	1
1998-06-30	Date	1	0	1
1998-07-01	Date	1	0	1
1998-07-04	Date	1	0	1
1998-07-05T180056	NeedsReview	1	0	1
1998-07-05T215532	NeedsReview	1	0	1
1998-07-07	Date	1	0	1
1998-07-09	Date	1	0	1
1998-07-14	Date	1	0	1
1998-07-14T022124	NeedsReview	1	0	1
1998-07-14T181500	NeedsReview	1	0	1
1998-07-17	Date	1	0	1
1998-07-19	Date	1	0	1
1998-07-24	Date	1	0	1
1998-07-28	Date	1	0	1
1998-08-05	Date	1	0	1
1998-08-10	Date	1	0	1
1998-08-19	Date	1	0	1
1998-08-25	Date	1	0	1
1998-08-26	Date	1	0	1
1998-09-03	Date	1	0	1
1998-09-04	Date	1	0	1
1998-09-06	Date	1	0	1
1998-09-16	Date	1	0	1
1998-09-25	Date	1	0	1
1998-09-30	Date	1	0	1
1998-10-01	Date	1	0	1
1998-10-03	Date	1	0	1
1998-10-08	Date	1	0	1
1998-10-19	Date	1	0	1
1998-11-02	Date	1	0	1
1998-11-09	Date	1	0	1
1998-11-16	Date	1	0	1
1998-12-15	Date	1	0	1
1998-12-18	Date	1	0	1
1999-02-10	Date	1	0	1
1999-02-15	Date	1	0	1
1999-02-16	Date	1	0	1
1999-02-17	Date	1	0	1
1999-02-18	Date	1	0	1
1999-03-01	Date	1	0	1
1999-03-09	Date	1	0	1
1999-03-24	Date	1	0	1
1999-04-02	Date	1	0	1
1999-04-14	Date	1	0	1
1999-05-05	Date	1	0	1
1999-05-10	Date	1	0	1
1999-05-25	Date	1	0	1
1999-06-15	Date	1	0	1
1999-08-02	Date	1	0	1
1999-08-03	Date	1	0	1
1999-08-04	Date	1	0	1
1999-08-05	Date	1	0	1
1999-08-14	Date	1	0	1
1999-08-17	Date	1	0	1
1999-08-20	Date	1	0	1
1999-08-25	Date	1	0	1
1999-08-30	Date	1	0	1
1999-08-31	Date	1	0	1
1999-09-03	Date	1	0	1
1999-09-07	Date	1	0	1
1999-09-09	Date	1	0	1
1999-09-13	Date	1	0	1
1999-09-18	Date	1	0	1
1999-09-21	Date	1	0	1
1999-09-23	Date	1	0	1
1999-09-29	Date	1	0	1
1999-10-12	Date	1	0	1
1999-10-20	Date	1	0	1
1999-10-22	Date	1	0	1
1999-10-28	Date	1	0	1
1999-10-29	Date	1	0	1
1999-11-09	Date	1	0	1
1999-11-11	Date	1	0	1
1999-11-17	Date	1	0	1
1999-11-18	Date	1	0	1
1999-11-27	Date	1	0	1
1999-12-17	Date	1	0	1
1999-12-22	Date	1	0	1
1B-004, EB-004, Sachen	NeedsReview	1	0	1
1JAM-Loop	NeedsReview	1	1	0
1M, 2M, 3M	NeedsReview	1	0	1
1M, 2M, 4M	NeedsReview	1	0	1
1M, 2MB2	NeedsReview	1	0	1
1M, 3M, 4M	NeedsReview	1	0	1
1M, 5M	NeedsReview	1	0	1
2 EPROMs	NeedsReview	1	0	1
2 Types	NeedsReview	1	0	1
2000-01-06	Date	1	0	1
2000-01-08	Date	1	0	1
2000-01-10	Date	1	0	1
2000-01-11	Date	1	0	1
2000-01-14	Date	1	0	1
2000-01-15	Date	1	0	1
2000-01-21	Date	1	0	1
2000-01-27	Date	1	0	1
2000-02-04	Date	1	0	1
2000-02-07	Date	1	0	1
2000-02-10	Date	1	0	1
2000-02-14	Date	1	0	1
2000-02-16	Date	1	0	1
2000-02-22	Date	1	0	1
2000-03-01	Date	1	0	1
2000-03-07	Date	1	0	1
2000-03-24	Date	1	0	1
2000-03-27	Date	1	0	1
2000-04-02	Date	1	0	1
2000-04-05	Date	1	0	1
2000-04-13	Date	1	0	1
2000-04-26	Date	1	0	1
2000-05-01	Date	1	0	1
2000-05-03	Date	1	0	1
2000-05-05	Date	1	0	1
2000-05-09	Date	1	0	1
2000-05-11	Date	1	0	1
2000-05-15	Date	1	0	1
2000-05-28	Date	1	0	1
2000-05-30	Date	1	0	1
2000-05-31	Date	1	0	1
2000-06-09	Date	1	0	1
2000-06-13	Date	1	0	1
2000-06-14	Date	1	0	1
2000-06-16	Date	1	0	1
2000-06-26	Date	1	0	1
2000-06-29	Date	1	0	1
2000-06-xx	NeedsReview	1	0	1
2000-07-16	Date	1	0	1
2000-07-16T211412	NeedsReview	1	0	1
2000-07-16T220245	NeedsReview	1	0	1
2000-07-19	Date	1	0	1
2000-07-21	Date	1	0	1
2000-07-24	Date	1	0	1
2000-07-31	Date	1	0	1
2000-08-01	Date	1	0	1
2000-08-07	Date	1	0	1
2000-08-10	Date	1	0	1
2000-08-17	Date	1	0	1
2000-08-21	Date	1	0	1
2000-08-xx	NeedsReview	1	0	1
2000-09-04	Date	1	0	1
2000-09-05	Date	1	0	1
2000-09-09	Date	1	0	1
2000-09-11	Date	1	0	1
2000-09-26	Date	1	0	1
2000-10-10	Date	1	0	1
2000-10-16	Date	1	0	1
2000-10-25	Date	1	0	1
2000-10-26	Date	1	0	1
2000-11-03	Date	1	0	1
2000-11-09	Date	1	0	1
2000-12-01	Date	1	0	1
2000-12-05	Date	1	0	1
2000-12-20	Date	1	0	1
2001-01-10	Date	1	0	1
2001-02-21	Date	1	0	1
2001-02-26	Date	1	0	1
2001-03-02	Date	1	0	1
2001-03-21	Date	1	0	1
2001-03-22	Date	1	0	1
2001-04-10	Date	1	0	1
2001-04-20	Date	1	0	1
2001-05-15	Date	1	0	1
2001-05-19	Date	1	0	1
2001-06-04	Date	1	0	1
2001-08-02	Date	1	0	1
2001-08-24	Date	1	0	1
2001-09-03	Date	1	0	1
2001-09-11	Date	1	0	1
2001-09-25	Date	1	0	1
2001-09-27	Date	1	0	1
2001-10-16	Date	1	0	1
2001-11-14	Date	1	0	1
2001-11-20	Date	1	0	1
2001-12-03	Date	1	0	1
2001-12-09	Date	1	0	1
2002-01-20	Date	1	0	1
2002-02-07	Date	1	0	1
2002-04-09	Date	1	0	1
2002-04-27	Date	1	0	1
2002-08-01	Date	1	0	1
2002-08-07	Date	1	0	1
2002-11-11	Date	1	0	1
2002-12-12	Date	1	0	1
2003-02-11	Date	1	0	1
2003-02-13	Date	1	0	1
2003-02-21	Date	1	0	1
2003-04-02	Date	1	0	1
2003-07-29	Date	1	0	1
2004-02-15	Date	1	1	0
2004SR01259	NeedsReview	1	1	0
2004SR05368	NeedsReview	1	1	0
2005-01-09	Date	1	1	0
2006-08-15	Date	1	0	1
2006SR04301	NeedsReview	1	1	0
2006SR04303	NeedsReview	1	1	0
2006SR04307	NeedsReview	1	1	0
2006SR04308	NeedsReview	1	1	0
2007, November	NeedsReview	1	1	0
2007-01-23	Date	1	0	1
2009-06-26	Date	1	1	0
2009-11-12	Date	1	1	0
2009-12-16	Date	1	1	0
2010-05-29	Date	1	1	0
2011	NeedsReview	1	1	0
2011-06-07	Date	1	1	0
2011-07-23	Date	1	1	0
2011-09-24	Date	1	1	0
2011-09-30	Date	1	1	0
2011-10-06	Date	1	1	0
2011-10-31	Date	1	1	0
2011-11-24	Date	1	1	0
2011-12-16	Date	1	1	0
2012-01-03	Date	1	1	0
2012-02-08	Date	1	1	0
2012-03-17	Date	1	1	0
2012-03-21	Date	1	1	0
2012-04-03	Date	1	1	0
2012-04-25	Date	1	1	0
2012-09-06	Date	1	1	0
2012-10-26	Date	1	1	0
2013-03-04	Date	1	1	0
2013-07-31	Date	1	1	0
2013-10-17	Date	1	1	0
2014	NeedsReview	1	1	0
2014-01-08	Date	1	1	0
2014-02-04	Date	1	1	0
2014-04-01	Date	1	1	0
2014-04-02	Date	1	1	0
2014-04-17	Date	1	1	0
2014-05-25	Date	1	1	0
2014-06-17	Date	1	1	0
2014-10-28	Date	1	1	0
2014-11-25	Date	1	1	0
2014-12-19	Date	1	1	0
2014-12-20	Date	1	1	0
2015-01-17	Date	1	1	0
2015-02-14	Date	1	1	0
2015-04-16	Date	1	1	0
2015-04-22	Date	1	1	0
2015-05-10	Date	1	1	0
2015-06-15	Date	1	1	0
2016-05-04	Date	1	1	0
2016-06-01	Date	1	1	0
2016-07-31	Date	1	1	0
2016-11-24	Date	1	1	0
2016-12-08	Date	1	1	0
2017-01-02	Date	1	1	0
2017-01-31	Date	1	1	0
2017-02-03	Date	1	1	0
2017-02-17	Date	1	1	0
2017-03-04	Date	1	1	0
2017-03-15	Date	1	1	0
2017-04-24	Date	1	1	0
2017-04-27	Date	1	1	0
2017-05-17	Date	1	1	0
2017-06-29	Date	1	1	0
2017-07-01	Date	1	1	0
2017-07-06	Date	1	1	0
2017-07-11	Date	1	1	0
2017-09-17	Date	1	1	0
2017-12-03	Date	1	1	0
2018-05-01	Date	1	1	0
2018-06-16	Date	1	1	0
2018-08-14	Date	1	1	0
2018-09-17	Date	1	1	0
2018-10-25	Date	1	1	0
2018-11-01	Date	1	1	0
2018-11-05	Date	1	1	0
2018-11-08	Date	1	1	0
2018-11-21	Date	1	1	0
2019-03-01	Date	1	1	0
2019-03-10	Date	1	1	0
2019-07-19	Date	1	1	0
2019-10-22	Date	1	1	0
2019-xx-xx	NeedsReview	1	1	0
2020	NeedsReview	1	1	0
2020-02-23	Date	1	1	0
2020-09-08	Date	1	1	0
2020-09-19	Date	1	1	0
2020-09-20	Date	1	1	0
2020-12-01	Date	1	1	0
2020-12-21	Date	1	1	0
2020bb	NeedsReview	1	1	0
2020bba	NeedsReview	1	1	0
2020bbh	NeedsReview	1	1	0
2021	NeedsReview	1	1	0
2021 Jam Version	NeedsReview	1	0	1
2021-02-19	Date	1	1	0
2021-03-10	Date	1	1	0
2021-05-05	Date	1	1	0
2021-05-25	Date	1	1	0
2021-07-08	Date	1	1	0
2021-08-21	Date	1	1	0
2021-09-13	Date	1	1	0
2021-10-28	Date	1	1	0
2021-10-31	Date	1	1	0
2022-04-22	Date	1	1	0
2022-04-23	Date	1	1	0
2022-05-09	Date	1	1	0
2022-06-05	Date	1	1	0
2022-06-06	Date	1	1	0
2022-06-26	Date	1	1	0
2022-06-30	Date	1	1	0
2022-08-07	Date	1	1	0
2022-08-26	Date	1	1	0
2022-08-27	Date	1	1	0
2022-09-16	Date	1	1	0
2022-09-17	Date	1	1	0
2022-09-19	Date	1	1	0
2022-09-21	Date	1	1	0
2022-09-29	Date	1	1	0
2022-10-09	Date	1	1	0
2022-10-26	Date	1	1	0
2022-10-28	Date	1	1	0
2022-11-03	Date	1	1	0
2022-12-18	Date	1	1	0
2022-12-25	Date	1	1	0
2022-12-26	Date	1	1	0
2023-01-07	Date	1	1	0
2023-01-11	Date	1	1	0
2023-01-13	Date	1	1	0
2023-01-16	Date	1	1	0
2023-02-11	Date	1	1	0
2023-02-18	Date	1	1	0
2023-03-12	Date	1	1	0
2023-03-13	Date	1	1	0
2023-03-18	Date	1	1	0
2023-03-23	Date	1	1	0
2023-03-24	Date	1	1	0
2023-03-31	Date	1	1	0
2023-04-03	Date	1	1	0
2023-04-04	Date	1	1	0
2023-04-12	Date	1	1	0
2023-04-23	Date	1	1	0
2023-04-25	Date	1	1	0
2023-04-30	Date	1	1	0
2023-05-04	Date	1	1	0
2023-05-23	Date	1	1	0
2023-06-03	Date	1	1	0
2023-06-05	Date	1	1	0
2023-06-23	Date	1	1	0
2023-07-09	Date	1	1	0
2023-07-10	Date	1	1	0
2023-08-09	Date	1	1	0
2023-09-03	Date	1	1	0
2023-09-05	Date	1	1	0
2023-09-07	Date	1	1	0
2023-09-08	Date	1	1	0
2023-09-28	Date	1	1	0
2023-09-30	Date	1	1	0
2023-10-12	Date	1	1	0
2023-10-19	Date	1	1	0
2023-10-23	Date	1	1	0
2023-10-24	Date	1	1	0
2023-10-26	Date	1	1	0
2023-11-17	Date	1	1	0
2023-11-18	Date	1	1	0
22M	NeedsReview	1	0	1
23M	NeedsReview	1	0	1
245-in-1 Real Game	NeedsReview	1	1	0
256KiB	NeedsReview	1	0	1
2A, 2B	NeedsReview	1	0	1
2M, 4M	NeedsReview	1	0	1
2M, 5M	NeedsReview	1	0	1
2M1, 2MB1	NeedsReview	1	0	1
2M2	NeedsReview	1	0	1
2MB3	NeedsReview	1	0	1
2nd Print Edition	NeedsReview	1	1	0
30C	NeedsReview	1	0	1
31B, 34C	NeedsReview	1	0	1
31B-001, Sachen	NeedsReview	1	0	1
320×240 Video Output Patch by Fluvian - JP	HackOrPatchCredit	1	1	0
32B, 37A, 37M	NeedsReview	1	0	1
32M	NeedsReview	1	0	1
32X CD	NeedsReview	1	0	1
35B, 35C	NeedsReview	1	0	1
36B, 36C	NeedsReview	1	0	1
39B	NeedsReview	1	0	1
3A, 3B	NeedsReview	1	0	1
3A, 3C	NeedsReview	1	0	1
3DO Magazine - Issue 10	NeedsReview	1	0	1
3DO Training Educational System	NeedsReview	1	0	1
3M, 4M, 5M, 6M	NeedsReview	1	0	1
3R	NeedsReview	1	0	1
3countb	NeedsReview	1	1	0
4 Player Co-Op Patch by Gallaux - EU	HackOrPatchCredit	1	1	0
4 Player Patch by Gallaux - NA	HackOrPatchCredit	1	1	0
40M	NeedsReview	1	0	1
41M	NeedsReview	1	0	1
42M	NeedsReview	1	0	1
4A, 4B	NeedsReview	1	0	1
4B-001, 4B-009, 8B-001, Sachen	NeedsReview	1	0	1
4B-002, 4B-004, 8B-002, Sachen	NeedsReview	1	0	1
4B-005, 4B-006, 8B-003, Sachen	NeedsReview	1	0	1
4B-007, 4B-008, 8B-004, Sachen	NeedsReview	1	0	1
4M, 5M	NeedsReview	1	0	1
5-in-1	NeedsReview	1	0	1
5-in-1 - NA	NeedsReview	1	1	0
512KiB	NeedsReview	1	0	1
5A	NeedsReview	1	0	1
5R, 6R	NeedsReview	1	0	1
60 Hz	NeedsReview	1	0	1
64'er	NeedsReview	1	1	0
7M	NeedsReview	1	0	1
7M, 10M	NeedsReview	1	0	1
7M, 9M, 10M	NeedsReview	1	0	1
8 People	NeedsReview	1	1	0
879cbea	NeedsReview	1	1	0
8M, 13M	NeedsReview	1	0	1
8M, 9M	NeedsReview	1	0	1
8S, 12S	NeedsReview	1	0	1
8S, 9S, 17S	NeedsReview	1	0	1
8d96be2	NeedsReview	1	1	0
9 Fighter	NeedsReview	1	1	0
960100577	NeedsReview	1	1	0
960268	NeedsReview	1	1	0
960270	NeedsReview	1	1	0
960415	NeedsReview	1	1	0
960418	NeedsReview	1	1	0
970100587	NeedsReview	1	1	0
970100684	NeedsReview	1	1	0
970158	NeedsReview	1	1	0
970266	NeedsReview	1	1	0
970487	NeedsReview	1	1	0
970489	NeedsReview	1	1	0
970493	NeedsReview	1	1	0
980100026	NeedsReview	1	1	0
980100029	NeedsReview	1	1	0
980100295	NeedsReview	1	1	0
980100461	NeedsReview	1	1	0
980185	NeedsReview	1	1	0
980334	NeedsReview	1	1	0
980337	NeedsReview	1	1	0
980340	NeedsReview	1	1	0
980342	NeedsReview	1	1	0
980584	NeedsReview	1	1	0
980816	NeedsReview	1	1	0
990031	NeedsReview	1	1	0
A-N2	NeedsReview	1	1	0
A8FE	NeedsReview	1	0	1
A8FP	NeedsReview	1	0	1
AA1201	NeedsReview	1	1	0
AES Ori	NeedsReview	1	1	0
AFMJ	NeedsReview	1	0	1
AI - EU	NeedsReview	1	1	0
ALT	Revision	1	1	0
AS300	NeedsReview	1	1	0
ASN 0097	NeedsReview	1	1	0
AZTP	NeedsReview	1	0	1
AZTX	NeedsReview	1	0	1
Accolade	NeedsReview	1	0	1
Action 53	NeedsReview	1	1	0
Add-on	NeedsReview	1	0	1
Addition	NeedsReview	1	0	1
Additions by Eskayelle, Rev 1.28.1.1 With the Mattrizzle Player Engine - 2K22 Version	NeedsReview	1	1	0
Adventure Kid, Power Block, Twin Mouse, and Cave Dude - AU	NeedsReview	1	1	0
Adventurer and Code Cracker - EU	NeedsReview	1	1	0
Akai - Ichimonji - Yae	NeedsReview	1	0	1
Aladdin Compact Cartridge, Plug-Thru	NeedsReview	1	0	1
All Characters Unlocked and Easier Difficulty Patch, Rev 2, by BillyTime! Games - NA	HackOrPatchCredit	1	1	0
All Extras and Megatron X Unlocked Patch by Astolfo2001 - JP	HackOrPatchCredit	1	1	0
All Unlocks Patch by Gallaux - NA, Rev 2	HackOrPatchCredit	1	1	0
Alligata	NeedsReview	1	1	0
Alt A	NeedsReview	1	1	0
Alt B	NeedsReview	1	1	0
Alt C	NeedsReview	1	1	0
Android, Quiz, Logic, and R-Type - EU	NeedsReview	1	1	0
Andy Noble - 2017	NeedsReview	1	1	0
Anirog	NeedsReview	1	1	0
Anirog Software	NeedsReview	1	1	0
Anniversary Pack	NeedsReview	1	0	1
Announcement Version	NeedsReview	1	1	0
Anthony Stiller - 2015	NeedsReview	1	1	0
Antonio Inoki Intai Kinen Genteiban	NeedsReview	1	0	1
Antonio Savona - 2020	NeedsReview	1	1	0
Append	NeedsReview	1	0	1
Arcade Audio	Platform	1	0	1
Arcade Colors and 9 Lives Patch, Rev 2, by SCD - JP	HackOrPatchCredit	1	1	0
Archery, Reversi, and Card Games - EU	NeedsReview	1	1	0
Argus Press Software	NeedsReview	1	1	0
Aris-Soft - 2021	NeedsReview	1	1	0
Artworx	NeedsReview	1	1	0
Astrovision	NeedsReview	1	0	1
Atari	NeedsReview	1	1	0
AtariAge	NeedsReview	1	0	1
Atarisoft	NeedsReview	1	0	1
Atarisoft - Unreleased	NeedsReview	1	1	0
Atoms, Retros, and Annoyance - EU	NeedsReview	1	1	0
Audio Fix Patch, Rev 20201702, by Riggles - NA	HackOrPatchCredit	1	1	0
Audio Remaster and Music Mashup Patch by Dark City Productions - JP	HackOrPatchCredit	1	1	0
Australia, Greece	Region	1	0	1
Autumn	NeedsReview	1	0	1
Avatar - 2013	NeedsReview	1	1	0
B-S2	NeedsReview	1	1	0
BA058	NeedsReview	1	1	0
BFWJ	NeedsReview	1	0	1
BG2	NeedsReview	1	1	0
BJ-56	NeedsReview	1	1	0
BJJP	NeedsReview	1	0	1
BJJX	NeedsReview	1	0	1
BPS the Choice	NeedsReview	1	0	1
BPTP	NeedsReview	1	0	1
BPTX	NeedsReview	1	0	1
BPV	NeedsReview	1	0	1
BR, Rev 1	Region+Revision	1	1	0
BUG Fixed	NeedsReview	1	0	1
Background Scrolling Patch by Diogo Ribeiro - NA	HackOrPatchCredit	1	1	0
Badgerpunch Games - 2020	NeedsReview	1	1	0
Bally	NeedsReview	1	0	1
Bandit Fruit Machine and Mazemaker - EU	NeedsReview	1	1	0
Bang! - EU	NeedsReview	1	1	0
Baton Controller Doukonban	NeedsReview	1	0	1
Battery Save Version	NeedsReview	1	1	0
Battle.net	NeedsReview	1	0	1
Bearmix, Cebi, M&Ms, Meteors, Cyber Mouse, Sitting Duck, and Spheres - EU	NeedsReview	1	1	0
Beeble - EU	NeedsReview	1	1	0
Behind Closed Doors - EU	NeedsReview	1	1	0
Behind Closed Doors - The Sequel - EU	NeedsReview	1	1	0
Behind Closed Doors III - EU	NeedsReview	1	1	0
Beta 31	Preview	1	0	1
Beta 32	Preview	1	0	1
Beyond Belief	NeedsReview	1	1	0
Beyond Reproach - 2009	NeedsReview	1	1	0
Big Gunz and Epicentre - EU	NeedsReview	1	1	0
Bingo, Shinkei Suijaku, and Cockroach - JP	NeedsReview	1	1	0
Bit Corporation	NeedsReview	1	0	1
Black & White	NeedsReview	1	1	0
Blast! and Miall - EU	NeedsReview	1	1	0
Blast-a-Mac and Dark Vortex - EU	NeedsReview	1	1	0
Blazing Guns	NeedsReview	1	0	1
Blockbuster Flash ROM	NeedsReview	1	0	1
Body Bits, Pacdemo, and Viking Raiders - EU	NeedsReview	1	1	0
Boggle, Megabert, Monopoly, and Pontoon Deluxe - EU	NeedsReview	1	1	0
Bomb!, Saucer Strike, Deflection, and Colourcode - EU	NeedsReview	1	1	0
Bombardment and Os and Xs - EU	NeedsReview	1	1	0
Bombed Out, Nuclear Waste, Magic Caves, and Blockade - EU	NeedsReview	1	1	0
Bomber - EU	NeedsReview	1	1	0
Bomberman Collection	NeedsReview	1	0	1
Bonus Disc Part 1	NeedsReview	1	0	1
Bonus Disc Part 2	NeedsReview	1	0	1
Bonus Disk	NeedsReview	1	0	1
Bonus Levels Patch by Gallaux - NA	HackOrPatchCredit	1	1	0
Bonus PlayStation Disc	NeedsReview	1	0	1
Boony - 2023	NeedsReview	1	1	0
Boot Disk	NeedsReview	1	1	0
Booze Design - 2021	NeedsReview	1	1	0
Boxset	NeedsReview	1	0	1
Brave Charge Box	NeedsReview	1	0	1
Brazil, Portugal	Region	1	0	1
Bright Version	NeedsReview	1	0	1
Brightness Patch by Linkuei - NA, Rev 1	HackOrPatchCredit	1	1	0
Broke Studio	NeedsReview	1	0	1
Bub, Turbo Worm, Invaders, Chemistry Test, Dan's Diamonds, and Asteroids - EU	NeedsReview	1	1	0
Bug Fix Patch, Rev 1.2, by Ozidual - NA, Rev 1	HackOrPatchCredit	1	1	0
Build 03854	NeedsReview	1	1	0
Build 03945	NeedsReview	1	1	0
Build 141	NeedsReview	1	1	0
Build 143	NeedsReview	1	1	0
Build 157	NeedsReview	1	1	0
Build 158	NeedsReview	1	1	0
Build 167	NeedsReview	1	1	0
Build 186	NeedsReview	1	1	0
Build 190	NeedsReview	1	1	0
Build 194	NeedsReview	1	1	0
Build 208	NeedsReview	1	1	0
Build 209	NeedsReview	1	1	0
Build 211	NeedsReview	1	1	0
Build 221	NeedsReview	1	1	0
Build 231	NeedsReview	1	1	0
Build 235	NeedsReview	1	1	0
Build 239	NeedsReview	1	1	0
Build 243	NeedsReview	1	1	0
Build 249	NeedsReview	1	1	0
Build 252	NeedsReview	1	1	0
Build 4	NeedsReview	1	1	0
Build 47	NeedsReview	1	1	0
Build 486	NeedsReview	1	1	0
Build 487	NeedsReview	1	1	0
Build 5	NeedsReview	1	1	0
Build 53	NeedsReview	1	1	0
Build 65	NeedsReview	1	1	0
Build 9b	NeedsReview	1	1	0
Butsubutsu Koukan no Maki	NeedsReview	1	0	1
Byte-Off III	NeedsReview	1	1	0
C-D2	NeedsReview	1	1	0
C-D3	NeedsReview	1	1	0
C64CD - 2018	NeedsReview	1	1	0
C64Mark - 2020	NeedsReview	1	1	0
CAFe DEMOPARTY 2019	NeedsReview	1	1	0
CCS	NeedsReview	1	1	0
CD Gioco	NeedsReview	1	0	1
CD Help e Backstage	NeedsReview	1	0	1
CES 1993	NeedsReview	1	0	1
CK-008	NeedsReview	1	1	0
CM	NeedsReview	1	0	1
CNROM	NeedsReview	1	1	0
COMPUTE!'s Gazette	NeedsReview	1	1	0
CSAW CTF 2015	NeedsReview	1	1	0
CTC-15	NeedsReview	1	1	0
CTC-31	NeedsReview	1	1	0
Calpis Water Version	NeedsReview	1	0	1
Camera & FastROM hack by MaxwelOlinda v1.0	HackOrPatchCredit	1	1	0
Camera Control Patch by AnimaC13 - NA, Rev 2	HackOrPatchCredit	1	1	0
Car-Relative Steering	NeedsReview	1	0	1
Carleton Handley - 2021	NeedsReview	1	1	0
Carrion - 2022	NeedsReview	1	1	0
Casino Game	NeedsReview	1	0	1
Castle, Escape from the Planet of the Robot Monsters, and Cosmo-Cruiser - Mission One - EU	NeedsReview	1	1	0
Castle, Konext, and Bully Embassy - EU	NeedsReview	1	1	0
Cat-1 and Gunner - EU	NeedsReview	1	1	0
Ceilings and Editor	NeedsReview	1	1	0
Champion Boxing and Safari Race - KR	NeedsReview	1	1	0
Channel 8 Software	NeedsReview	1	1	0
Character Disk	NeedsReview	1	1	0
Character Tkool	NeedsReview	1	0	1
Character Unlock Patch by Gallaux - NA, Rev 2	HackOrPatchCredit	1	1	0
Character Unlock Patch, Rev 1.1, by Gallaux - NA	HackOrPatchCredit	1	1	0
Character Unlock and Extra Options Patch by Gallaux - EU	HackOrPatchCredit	1	1	0
Chuugakusei Jidai	NeedsReview	1	0	1
Cloud 99, Agatha's Folly, and The Jade Stone - EU	NeedsReview	1	1	0
Club Nintendo	NeedsReview	1	0	1
Clue Crossword - EU	NeedsReview	1	1	0
Coca-Cola Kenshouhin	NeedsReview	1	0	1
Codemasters - Fast Food, Pro Skateboard, Pro Tennis	NeedsReview	1	1	0
Colin's Time Trousers, Crossword, Faller, Line Game, and Tile Game - EU	NeedsReview	1	1	0
Colossus Chess, International Football & Silicon Syborgs	NeedsReview	1	1	0
Colour	NeedsReview	1	1	0
Colour Clash - EU	NeedsReview	1	1	0
Columbia Version	NeedsReview	1	1	0
Commodore Plus - 2023	NeedsReview	1	1	0
Competition Cart, 10k points	NeedsReview	1	0	1
Competition Cart, 1m points	NeedsReview	1	0	1
Compilation Pack Patch, Rev 1.1, by Wreck - NA	HackOrPatchCredit	1	1	0
Complete Edition Patch, Unstripped Version, by Sylandro - NA	HackOrPatchCredit	1	1	0
Contra '93	NeedsReview	1	1	0
Cosine Systems - 2001	NeedsReview	1	1	0
Cosine Systems - 2003	NeedsReview	1	1	0
Cosine Systems - 2006	NeedsReview	1	1	0
Cosine Systems - 2007	NeedsReview	1	1	0
Cosine Systems - 2009	NeedsReview	1	1	0
Cosine Systems - 2011	NeedsReview	1	1	0
Cosine Systems - 2012	NeedsReview	1	1	0
Cosine Systems - 2014	NeedsReview	1	1	0
Cosine Systems - 2020	NeedsReview	1	1	0
Cosmos Cruiser, Castle, and Humphrey - EU	NeedsReview	1	1	0
Covert Bitops - 2002	NeedsReview	1	1	0
Creative Sparks	NeedsReview	1	1	0
Crossword Bonanza, Rock 'n' Roll, and King-Albert - EU	NeedsReview	1	1	0
Crossword Edition 1 - EU	NeedsReview	1	1	0
Crossword Edition 2 - EU	NeedsReview	1	1	0
Crossword and Tray Game - EU	NeedsReview	1	1	0
CyberTennis, Mr. Slidey, and Infection - EU	NeedsReview	1	1	0
Cyclone's Best	NeedsReview	1	0	1
Cymbal Software	NeedsReview	1	1	0
D	NeedsReview	1	0	1
D-N3	NeedsReview	1	1	0
D-T2	NeedsReview	1	1	0
D42	NeedsReview	1	1	0
DA1AC0DB	NeedsReview	1	0	1
DE	Region	1	1	0
DEFCON 26 Indie Badge	NeedsReview	1	1	0
DERF, Invaders, Xs & Os, and Tron - EU	NeedsReview	1	1	0
DFJN5015ZAZ	NeedsReview	1	0	1
DH-08	NeedsReview	1	0	1
DH-64	NeedsReview	1	0	1
DS-H352	NeedsReview	1	1	0
DS-H353	NeedsReview	1	1	0
DS-H354	NeedsReview	1	1	0
DS-H355	NeedsReview	1	1	0
Da,Fi	Language	1	0	1
Daigakusei Jidai & Koukou kara Daigaku ni Agaru ma no Haruyasumi	NeedsReview	1	0	1
Darius Cozmic Revelation	NeedsReview	1	0	1
Dark Version	NeedsReview	1	0	1
Darren Foulds - 2019	NeedsReview	1	1	0
Darro99 & Erazzking - 2021	NeedsReview	1	1	0
Davey Jones Locker, The Jade Necklace, Witch Hunt, The Challenge, The Cup, Realm of Darkness, The Hammer of Grimmold, Mutant, Matchmaker, Jack and the Beanstalk, The Enchanted Cottage, and Lifeboat - EU	NeedsReview	1	1	0
De+Fr,De,Nl	NeedsReview	1	0	1
De,Es,It	Language	1	0	1
De,Es,It,Pt	Language	1	0	1
De,Nl	Language	1	0	1
Deathshadow  - 2012	NeedsReview	1	1	0
Debug Version	NeedsReview	1	0	1
Defiance Studios - 2017	NeedsReview	1	1	0
Demo 5d9	Preview	1	1	0
Demo Movie	Preview	1	0	1
Demo-Add-On Disc	NeedsReview	1	0	1
Derek - 2019	NeedsReview	1	1	0
Deutsch	NeedsReview	1	1	0
Dev	NeedsReview	1	0	1
Die Alliierten	NeedsReview	1	0	1
Die Sowjets	NeedsReview	1	0	1
Digest-ban	NeedsReview	1	0	1
Digital Edition	NeedsReview	1	1	0
Digital Monastery - 2014	NeedsReview	1	1	0
Digital Monastery - 2016	NeedsReview	1	1	0
Digital Monastery - 2018	NeedsReview	1	1	0
Digital Monastery - 2019	NeedsReview	1	1	0
Digital Monastery - 2022	NeedsReview	1	1	0
Digital Video	NeedsReview	1	0	1
Dino Sorcerer, The Adventures of Captain Comic, Blob, Missile Base, and Crossword - EU	NeedsReview	1	1	0
Disc	Disc	1	1	0
Disc 1 - English Translated by A Murder of Crows and Shadowmask, Rev 0.2j RC	TranslationCredit	1	1	0
Disc 1 - English Translated by Aishsha, Paul_met, and Pennywise, Rev 1.1	TranslationCredit	1	1	0
Disc 1 - English Translated by Arjak and MossstarMoon	TranslationCredit	1	1	0
Disc 1 - English Translated by Delta-Islands Team, Rev 1.5 Final	TranslationCredit	1	1	0
Disc 1 - English Translated by Hilltop	TranslationCredit	1	1	0
Disc 1 - English Translated by In the Rose Garden, Rev 1.04	TranslationCredit	1	1	0
Disc 1 - English Translated by John Osborne, Rev 2 - Subbed Version	TranslationCredit	1	1	0
Disc 1 - English Translated by JunkerHQ	TranslationCredit	1	1	0
Disc 1 - English Translated by JunkerHQ, Rev 1.0.1	TranslationCredit	1	1	0
Disc 1 - English Translated by Load Word Team, Rev 1.1	TranslationCredit	1	1	0
Disc 1 - English Translated by NoOneee	TranslationCredit	1	1	0
Disc 1 - English Translated by Orihara Saki - Beta	TranslationCredit	1	1	0
Disc 1 - English Translated by Sakura Wars Translation Project, Rev 1.1	TranslationCredit	1	1	0
Disc 1 - English Translated by Sakura Wars Translation Project, Rev 2.1.1	TranslationCredit	1	1	0
Disc 1 - English Translated by SnowyAria	TranslationCredit	1	1	0
Disc 1 - English Translated by TrekkiesUnite118, Rev 1.1.1	TranslationCredit	1	1	0
Disc 1 - English Translated by Zenksren and LostOkina, Rev 1.33	TranslationCredit	1	1	0
Disc 1 - Prototype	Disc+Preview	1	1	0
Disc 1 - Tower of Doom - English Translated by Lirinica	TranslationCredit	1	1	0
Disc 1 - What's Going On - English Translated by SnowyAria	TranslationCredit	1	1	0
Disc 2 - English Translated by A Murder of Crows and Shadowmask, Rev 0.2j RC	TranslationCredit	1	1	0
Disc 2 - English Translated by Aishsha, Paul_met, and Pennywise, Rev 1.1	TranslationCredit	1	1	0
Disc 2 - English Translated by Arjak and MossstarMoon	TranslationCredit	1	1	0
Disc 2 - English Translated by Delta-Islands Team, Rev 1.5 Final	TranslationCredit	1	1	0
Disc 2 - English Translated by Hilltop	TranslationCredit	1	1	0
Disc 2 - English Translated by In the Rose Garden, Rev 1.04	TranslationCredit	1	1	0
Disc 2 - English Translated by John Osborne, Rev 2 - Subbed Version	TranslationCredit	1	1	0
Disc 2 - English Translated by JunkerHQ	TranslationCredit	1	1	0
Disc 2 - English Translated by JunkerHQ, Rev 1.0.1	TranslationCredit	1	1	0
Disc 2 - English Translated by Load Word Team, Rev 1.1	TranslationCredit	1	1	0
Disc 2 - English Translated by NoOneee	TranslationCredit	1	1	0
Disc 2 - English Translated by Orihara Saki - Beta	TranslationCredit	1	1	0
Disc 2 - English Translated by Sakura Wars Translation Project, Rev 1.1	TranslationCredit	1	1	0
Disc 2 - English Translated by Sakura Wars Translation Project, Rev 2.1.1	TranslationCredit	1	1	0
Disc 2 - English Translated by SnowyAria	TranslationCredit	1	1	0
Disc 2 - English Translated by TrekkiesUnite118, Rev 1.1.1	TranslationCredit	1	1	0
Disc 2 - English Translated by Zenksren and LostOkina, Rev 1.33	TranslationCredit	1	1	0
Disc 2 - Fears Behind - English Translated by SnowyAria	TranslationCredit	1	1	0
Disc 2 - Prototype	Disc+Preview	1	1	0
Disc 3 - English Translated by A Murder of Crows and Shadowmask, Rev 0.2j RC	TranslationCredit	1	1	0
Disc 3 - English Translated by Delta-Islands Team, Rev 1.5 Final	TranslationCredit	1	1	0
Disc 3 - English Translated by JunkerHQ, Rev 1.0.1	TranslationCredit	1	1	0
Disc 3 - English Translated by Sakura Wars Translation Project, Rev 1.1	TranslationCredit	1	1	0
Disc 3 - English Translated by Zenksren and LostOkina, Rev 1.33	TranslationCredit	1	1	0
Disc 4 - English Translated by Delta-Islands Team, Rev 1.5 Final	TranslationCredit	1	1	0
Disc 5 - English Translated by Delta-Islands Team, Rev 1.5 Final	TranslationCredit	1	1	0
Disc 6 - English Translated by Delta-Islands Team, Rev 1.5 Final	TranslationCredit	1	1	0
Disc 7	Disc	1	0	1
Disc 7 - English Translated by Delta-Islands Team, Rev 1.5 Final	TranslationCredit	1	1	0
Disc 8	Disc	1	0	1
Disc 8 - English Translated by Delta-Islands Team, Rev 1.5 Final	TranslationCredit	1	1	0
Disk 1 - Bishoujo Connection - JP	NeedsReview	1	1	0
Disk 1 - EU	Disc+Region	1	1	0
Disk 1 - Mahjong Game Hontai - JP	NeedsReview	1	1	0
Disk 1 - Tokimeki Gals - JP	NeedsReview	1	1	0
Disk 1 - Yonin no Tenshi Tachi - JP	NeedsReview	1	1	0
Disk 2 - Dai H Taikai - JP	NeedsReview	1	1	0
Disk 2 - Daitan H na Hirusagari - JP	NeedsReview	1	1	0
Disk 2 - EU	Disc+Region	1	1	0
Disk 2 - Tottemo H na Gogo - JP	NeedsReview	1	1	0
Disk 2 - Yonin to Dai H Taikai - JP	NeedsReview	1	1	0
Disk 8	Disc	1	1	0
Disk 9	Disc	1	1	0
Donnie Russell II - 2022	NeedsReview	1	1	0
Double Action 53 - Volume 2	NeedsReview	1	1	0
Double case	NeedsReview	1	0	1
Doukon Pack	NeedsReview	1	0	1
Dr. Mortal Wombat - 2021	NeedsReview	1	1	0
Dr. TerrorZ - 2021	NeedsReview	1	1	0
Dr. Terrorz - 2018	NeedsReview	1	1	0
Dr. Wuro Industries - 2016	NeedsReview	1	1	0
Dr. Wuro Industries - 2018	NeedsReview	1	1	0
Dr. Wuro Industries - 2021	NeedsReview	1	1	0
Drachenberg Studios - 2022	NeedsReview	1	1	0
Dragon Quest VI	NeedsReview	1	1	0
Dragon Quest VII	NeedsReview	1	1	0
Dragon Quest VIII	NeedsReview	1	1	0
Draughts and Batz 'n Ballz - EU	NeedsReview	1	1	0
Dreamcast Version	Platform	1	1	0
Driver Mines, Chaos, and L.O.T.I.S.B. - EU	NeedsReview	1	1	0
Dungeon 1 Disk	NeedsReview	1	1	0
Dungeon 2 Disk	NeedsReview	1	1	0
Durell	NeedsReview	1	1	0
Dutch Patience, Music Trivia, and Kids Stuff 1 - EU	NeedsReview	1	1	0
Dynavision	NeedsReview	1	1	0
E	NeedsReview	1	0	1
E3 1997	NeedsReview	1	0	1
EB4-3 E	NeedsReview	1	1	0
EB4-3 X	NeedsReview	1	1	0
EB4-4 A	NeedsReview	1	1	0
ECTS 2000	NeedsReview	1	0	1
EGS	NeedsReview	1	0	1
EU - 4-in-1 Hack Patch by Meduza Team, Rev 1.5	HackOrPatchCredit	1	1	0
EU - 4-in-1 Hack Patch by Meduza Team, Rev 1.5 - NDS Style Version	HackOrPatchCredit	1	1	0
EU - 60Hz Hack Patch by NoelleAmelie, Rev 1.0a	HackOrPatchCredit	1	1	0
EU - 60Hz Selector Patch by Paradox	HackOrPatchCredit	1	1	0
EU - 60Hz Selector Patch by Static, Rev 1.01	HackOrPatchCredit	1	1	0
EU - Disc 1 - Magical Drop III	NeedsReview	1	1	0
EU - Disc 1 - Wings of Destiny	NeedsReview	1	1	0
EU - Disc 2 - Chronicles of Arthur	NeedsReview	1	1	0
EU - Disc 2 - Magical Drop Plus 1	NeedsReview	1	1	0
EU - Disc 3 - The First Generation	NeedsReview	1	1	0
EU - Disc 4	Disc+Region	1	1	0
EU - Disc 4 - Blazing Guns	NeedsReview	1	1	0
EU - FastROM Hack by Kandowontu, Rev 1.4	HackOrPatchCredit	1	1	0
EU - Flash Removal Patch by Privateye	HackOrPatchCredit	1	1	0
EU - NTSC Conversion With Japanese Opening and Ending Patch by Sakitoshi	HackOrPatchCredit	1	1	0
EU - NTSC Conversion by Markisha64	NeedsReview	1	1	0
EU - NTSC Conversion by MyloWhylo	NeedsReview	1	1	0
EU - NTSC Conversion by Sakitoshi	NeedsReview	1	1	0
EU - Power Source Demo Disc	NeedsReview	1	1	0
EU - Undub Patch by Swosho, Rev 1.1	HackOrPatchCredit	1	1	0
Easier	NeedsReview	1	1	0
Easy	NeedsReview	1	1	0
EayFlash	NeedsReview	1	1	0
Ecco the Dolphin	NeedsReview	1	0	1
Ecco the Dolphin II	NeedsReview	1	0	1
El Juego	NeedsReview	1	0	1
Elysium - 2022	NeedsReview	1	1	0
En+En+En,Fr,De	NeedsReview	1	0	1
En+En,Es,It,Sv,Da	NeedsReview	1	0	1
En+En,Fr,De	NeedsReview	1	0	1
En+En,Fr,De,Es,It,Nl,Sv,Da	NeedsReview	1	0	1
En+En,Ja,Fr,De,Es	NeedsReview	1	0	1
En,Da,Pl	Language	1	0	1
En,De,Es,Nl	Language	1	0	1
En,De,It,Nl	Language	1	0	1
En,De,Nl	Language	1	0	1
En,De,Sv,Fi	Language	1	0	1
En,Es,Fi	Language	1	0	1
En,Es,It,Sv,Da	Language	1	0	1
En,Es,Nl+Es,It	NeedsReview	1	0	1
En,Es,Nl+Fr,Nl	NeedsReview	1	0	1
En,Es,Sv,Da,Fi	Language	1	0	1
En,Es,Sv,Fi	Language	1	0	1
En,Fr,De+De	NeedsReview	1	0	1
En,Fr,De+En,Fr,De,Es,It	NeedsReview	1	0	1
En,Fr,De+Fr	NeedsReview	1	0	1
En,Fr,De,Da+En,De	NeedsReview	1	0	1
En,Fr,De,Es+En,Fr,De,Es,It,Nl	NeedsReview	1	0	1
En,Fr,De,Es,It+En	NeedsReview	1	0	1
En,Fr,De,Es,It,Ar	Language	1	0	1
En,Fr,De,Es,It,Nl+En,Fr,De,Es,It	NeedsReview	1	0	1
En,Fr,De,Es,It,Nl+En,Fr,De,Es,It,Nl,Sv,No,Da,Fi	NeedsReview	1	0	1
En,Fr,De,Es,It,Nl,Pt,Sv,Da	Language	1	0	1
En,Fr,De,Es,It,Nl,Sv,Da+En	NeedsReview	1	0	1
En,Fr,De,Es,It,Nl,Sv,Fi	Language	1	0	1
En,Fr,De,Es,It,Pt,Sv,No,Da,Fi	Language	1	0	1
En,Fr,De,Es,It,Sv+En,Fr,De,Es,It	NeedsReview	1	0	1
En,Fr,De,Es,It,Sv,Da	Language	1	0	1
En,Fr,De,It,Nl,Sv	Language	1	0	1
En,Fr,De,It,Nl,Sv,Da	Language	1	0	1
En,Fr,De,Sv,Fi	Language	1	0	1
En,Fr,Es,It,Nl,Pt,Da	Language	1	0	1
En,Fr,It+Es,It	NeedsReview	1	0	1
En,Fr,It+Fr,Nl	NeedsReview	1	0	1
En,Fr,Nl,Sv	Language	1	0	1
En,Fr,Sv,Fi	Language	1	0	1
En,It,Sv,No,Da	Language	1	0	1
En,Ja+En,Ja,Fr,De,Es,It	NeedsReview	1	0	1
En,Ja,Fr,De,Es+En,Ja	NeedsReview	1	0	1
En,Ja,Fr,De,Es,It+En	NeedsReview	1	0	1
En,Ja,Fr,De,Es,It+En,Ja,Fr,De,Es	NeedsReview	1	0	1
En,Ja,Fr,De,Es,It,Nl	Language	1	0	1
En,Ja,Fr,De,Es,It,Zh	Language	1	0	1
En,Ja,Fr,De,Es,Zh	Language	1	0	1
En,Ja,Fr,De,It	Language	1	0	1
En,Ja,Fr,De,It,Nl	Language	1	0	1
En,Ja,Fr,Es,Pt	Language	1	1	0
En,Ja,Fr,It	Language	1	0	1
En,Nl,Sv,No,Da	Language	1	0	1
En,Nl,Sv,No,Da,Fi	Language	1	0	1
En,No,Da	Language	1	0	1
En,Pt,Pl	Language	1	1	0
En,Sv,No	Language	1	0	1
En,Zh-Hant	NeedsReview	1	0	1
En-US,Es-MX,Pt-BR	NeedsReview	1	0	1
Ending Fix Patch - EU	HackOrPatchCredit	1	1	0
Endurance Course	NeedsReview	1	1	0
Endurion - 2015	NeedsReview	1	1	0
Endurion - 2018	NeedsReview	1	1	0
Engagement Edition	NeedsReview	1	1	0
English Retranslated and Content Restoration by Krokodyl	TranslationCredit	1	1	0
English Retranslated and Content Restoration by The SAP Team - Reborn Version, Rev 2	TranslationCredit	1	1	0
English Retranslated by CoolCatBomberMan, Rev 2 With FastROM Hack by Kandowontu, Rev 1.1	TranslationCredit	1	1	0
English Retranslated by Rodimus Primal, Rev 1.99 - Namingway Edition	TranslationCredit	1	1	0
English Retranslated by Rodimus Primal, Rev 3.06 With Bug Fixes, Updated Opera, and Add-Ons - Woolsey Uncensored Edition	TranslationCredit	1	1	0
English Retranslated by Thirteen 1355, Rev 1.5	TranslationCredit	1	1	0
English Retranslated by Watercrown Productions, Rev 1.2b With Original Title Screen Music	TranslationCredit	1	1	0
English Retranslated from GBA Version by J121, Rev 1.16 With Bugfixes and Ginger Battle Galuf Patch, With FastROM Hack by Kandowontu	TranslationCredit	1	1	0
English Retranslation and Content Restoration by CF, Rev 1.1	TranslationCredit	1	1	0
English Retranslation and Fixes by Sarah Shinespark, Rev 3 - Seal of Rimsala Version	TranslationCredit	1	1	0
English Translated With Arabic Numerals by Psyklax	TranslationCredit	1	1	0
English Translated With Corrected Ending by BlackPaladin	TranslationCredit	1	1	0
English Translated With Honorifics Patch, Rev 1.1, by Lipemco! Translations	TranslationCredit	1	1	0
English Translated With PSP Audio Patch, Rev 1.01, by Shortfilms.tk and Burnt Lasagna	TranslationCredit	1	1	0
English Translated and Content Restoration by Backlog Odyssey, Rev 2	TranslationCredit	1	1	0
English Translated and Content Restored by FlashPV With FastROM Hack by Kandowontu	TranslationCredit	1	1	0
English Translated and Uncensored Patch by Darkmoon2321, Rev 1.1	TranslationCredit	1	1	0
English Translated by Acediez	TranslationCredit	1	1	0
English Translated by Acediez, Rev 1.3	TranslationCredit	1	1	0
English Translated by Adventurous Translations, Rev 0.96	TranslationCredit	1	1	0
English Translated by Aeon Genesis With Epyon Unlocked Patch by CF, Rev 1.1	TranslationCredit	1	1	0
English Translated by Aeon Genesis With FastROM Hack by Kandowontu, Rev 1.1	TranslationCredit	1	1	0
English Translated by Aeon Genesis, Rev 0.95b	TranslationCredit	1	1	0
English Translated by Aeon Genesis, Rev 1.01 With Deluxe Version Patch by BobSchneeder45, Rev 2	TranslationCredit	1	1	0
English Translated by Aethin, Rev 1.04	TranslationCredit	1	1	0
English Translated by Aishsha	TranslationCredit	1	1	0
English Translated by Aishsha, Paul_met, and Pennywise, Rev 1.0.1	TranslationCredit	1	1	0
English Translated by Aishsha, Paul_met, and Stardust Crusaders, Rev 1.3.1	TranslationCredit	1	1	0
English Translated by Aishsha, Rev 1.1b	TranslationCredit	1	1	0
English Translated by AlanMidas Cant.hack With Fixes by Jordiway73, Rev 1.1	TranslationCredit	1	1	0
English Translated by Alex Kid, Darkfalzx, and Simon Fang, Rev 2022-01-20b	TranslationCredit	1	1	0
English Translated by Arcraith, Rev 1.1	TranslationCredit	1	1	0
English Translated by Asiwish, Rev 1.2 With FastROM Hack by Kandowontu	TranslationCredit	1	1	0
English Translated by BST, Rev 2.08 With Grind-Be-Gone and Swiss Manicure Patches	TranslationCredit	1	1	0
English Translated by Bankbank	TranslationCredit	1	1	0
English Translated by Ben128	TranslationCredit	1	1	0
English Translated by Bulk Slash English Localization Team, Rev 1.001	TranslationCredit	1	1	0
English Translated by CF	TranslationCredit	1	1	0
English Translated by Cabbage and Shawn Cox	TranslationCredit	1	1	0
English Translated by Campanella999	TranslationCredit	1	1	0
English Translated by Cargodin, EsperKnight, Gwendolyn, and PSXCraver	TranslationCredit	1	1	0
English Translated by Cargodin, Rev 1.3	TranslationCredit	1	1	0
English Translated by Chapu, Miniomegaking, PSXCraver, and Vervalkon	TranslationCredit	1	1	0
English Translated by Chris Covell With Alt Font and Controls Patch by KingMike's Translations	TranslationCredit	1	1	0
English Translated by Chris M. Covell	TranslationCredit	1	1	0
English Translated by ChristopheF, Rev 2	TranslationCredit	1	1	0
English Translated by Cirosan	TranslationCredit	1	1	0
English Translated by DDSTranslation	TranslationCredit	1	1	0
English Translated by Dave Shadoff	TranslationCredit	1	1	0
English Translated by Dave Shadoff and Diogo Ribeiro	TranslationCredit	1	1	0
English Translated by Dave Shadoff, Filler, and Diogo Ribeiro	TranslationCredit	1	1	0
English Translated by Dave Shadoff, Filler, and Tomaitheous	TranslationCredit	1	1	0
English Translated by Dave Shadoff, MooZ, and Diogo Ribeiro	TranslationCredit	1	1	0
English Translated by Demiforce	TranslationCredit	1	1	0
English Translated by Denim	TranslationCredit	1	1	0
English Translated by Diogo Ribeiro	TranslationCredit	1	1	0
English Translated by Django	TranslationCredit	1	1	0
English Translated by DrGoldfire	TranslationCredit	1	1	0
English Translated by DvD Translations	TranslationCredit	1	1	0
English Translated by Eight Mansions, Rev 0.95.9	TranslationCredit	1	1	0
English Translated by EsperKnight	TranslationCredit	1	1	0
English Translated by Esperknight, CJ_Iwakura, and Others	TranslationCredit	1	1	0
English Translated by FCandChill	TranslationCredit	1	1	0
English Translated by FCandChill, Filler, TheMajinZenki, and Graphicus	TranslationCredit	1	1	0
English Translated by Filler and Cabbage	TranslationCredit	1	1	0
English Translated by Filler, Tomaitheous, EsperKnight, and Grant Laughlin	TranslationCredit	1	1	0
English Translated by FlashPV	TranslationCredit	1	1	0
English Translated by Fothsid, Rev 1.1	TranslationCredit	1	1	0
English Translated by GameHacking.org and Victini378, Rev 1.03	TranslationCredit	1	1	0
English Translated by GammaTrove	TranslationCredit	1	1	0
English Translated by Gemini and Tom, Rev 1a	TranslationCredit	1	1	0
English Translated by Gertius	TranslationCredit	1	1	0
English Translated by Gertius, Rev 1.2	TranslationCredit	1	1	0
English Translated by Gideon Zhi and Matatabi	TranslationCredit	1	1	0
English Translated by Gil Galad	TranslationCredit	1	1	0
English Translated by Grundo1561, Rev 1.2	TranslationCredit	1	1	0
English Translated by Gungriffon II Localization Team, Rev 0.97.5	TranslationCredit	1	1	0
English Translated by Hemulen	TranslationCredit	1	1	0
English Translated by Hilltop, Cargodin, Blametherobots, Gwendolyn, and SnowyAria, Rev 1.1	TranslationCredit	1	1	0
English Translated by Infinite Lupine Translations With Addendum by R4dius, Rev 1.01b	TranslationCredit	1	1	0
English Translated by Infinite Lupine Translations With Addendum by R4dius, Rev 1.01b and Text Improvement Patch by VincentNL	TranslationCredit	1	1	0
English Translated by Infinite Lupine Translations, Rev 1.01	TranslationCredit	1	1	0
English Translated by Jink640	TranslationCredit	1	1	0
English Translated by John Osborne, Rev 1.1	TranslationCredit	1	1	0
English Translated by KBLO, Rev 20251010	TranslationCredit	1	1	0
English Translated by Kitchen34, Rev 1.1	TranslationCredit	1	1	0
English Translated by Kitchen34, Rev 1.10	TranslationCredit	1	1	0
English Translated by Knight0fDragon, Rev 1.021 With Hotfix	TranslationCredit	1	1	0
English Translated by KoolFiller, Rev 2025-06-14	TranslationCredit	1	1	0
English Translated by Lady Jessica, Rev 0.8	TranslationCredit	1	1	0
English Translated by LaytonLoztew	TranslationCredit	1	1	0
English Translated by Malenko	TranslationCredit	1	1	0
English Translated by Malenko, Rev 1.02 Final	TranslationCredit	1	1	0
English Translated by Malenko, Rev 1.2 Final	TranslationCredit	1	1	0
English Translated by Malenko, Rev 2024.02.04-01	TranslationCredit	1	1	0
English Translated by Matizhill	TranslationCredit	1	1	0
English Translated by Meduza Team, Rev 1.04a	TranslationCredit	1	1	0
English Translated by Mentil	TranslationCredit	1	1	0
English Translated by Mr.Nobody, Arcanearia, and NintendoComplete, Rev 1.1	TranslationCredit	1	1	0
English Translated by NLeseul, Rev 0.9b	TranslationCredit	1	1	0
English Translated by Nanashi, Rev 0.9	TranslationCredit	1	1	0
English Translated by Necrosaro	TranslationCredit	1	1	0
English Translated by Nick, Paul, and Akimaru	TranslationCredit	1	1	0
English Translated by Nikita600, Rev 05FEB2023	TranslationCredit	1	1	0
English Translated by Onionzoo and Cabbage	TranslationCredit	1	1	0
English Translated by Paul_Met, Aishsha, and Pennywise, Rev 1.3	TranslationCredit	1	1	0
English Translated by Paul_met	TranslationCredit	1	1	0
English Translated by Paul_met and Stardust Crusaders, Rev 1.5	TranslationCredit	1	1	0
English Translated by Paul_met, Aishsha, Pennywise, Ryusui, TheMajinZenki, and CCCmar	TranslationCredit	1	1	0
English Translated by Pennywise	TranslationCredit	1	1	0
English Translated by PentarouZero	TranslationCredit	1	1	0
English Translated by PentarouZero, Rev 1d	TranslationCredit	1	1	0
English Translated by Phantasian Productions, Rev Pre-1.1 ToP Test Fix With Addendum by FlamePurge and Mziab, Rev 1.1b	TranslationCredit	1	1	0
English Translated by Plissken	TranslationCredit	1	1	0
English Translated by Plissken, Rev 1.02	TranslationCredit	1	1	0
English Translated by Pokeytax, Rev 1.1	TranslationCredit	1	1	0
English Translated by RIP Translations	TranslationCredit	1	1	0
English Translated by RIP Translations, Rev 1.1	TranslationCredit	1	1	0
English Translated by Ralf Guth, Rev 0.6.1	TranslationCredit	1	1	0
English Translated by Rari_teh, Rev 1.1	TranslationCredit	1	1	0
English Translated by Rasputin3000, Rev 0.999	TranslationCredit	1	1	0
English Translated by Raw Le Klueze	TranslationCredit	1	1	0
English Translated by Retrodadandmodernlad, Rev 0.9	TranslationCredit	1	1	0
English Translated by Riderr3, Rev 1.1	TranslationCredit	1	1	0
English Translated by Robertmvsa, Rev 1.2	TranslationCredit	1	1	0
English Translated by Ryu	TranslationCredit	1	1	0
English Translated by Shadowmask and SoloNerfherder	TranslationCredit	1	1	0
English Translated by ShivaSaturn	TranslationCredit	1	1	0
English Translated by Shubibiman and Cabbage	TranslationCredit	1	1	0
English Translated by SnowyAria, Rev 1.1	TranslationCredit	1	1	0
English Translated by Someitalian123	TranslationCredit	1	1	0
English Translated by Specialagentape	TranslationCredit	1	1	0
English Translated by Star Trinket	TranslationCredit	1	1	0
English Translated by Star Trinket - Beta	TranslationCredit	1	1	0
English Translated by Stellar Assault SS Localization Team	TranslationCredit	1	1	0
English Translated by Stephwag, Rev 0.2	TranslationCredit	1	1	0
English Translated by Supper and Mafoo343	TranslationCredit	1	1	0
English Translated by The Spoony Bard	TranslationCredit	1	1	0
English Translated by TiCo	TranslationCredit	1	1	0
English Translated by TransGen	TranslationCredit	1	1	0
English Translated by TrekkiesUnite118	TranslationCredit	1	1	0
English Translated by TrekkiesUnite118, Rev 0.9.1	TranslationCredit	1	1	0
English Translated by TrekkiesUnite118, Rev 1.5.1a - Dubbed Version	TranslationCredit	1	1	0
English Translated by Unknown	TranslationCredit	1	1	0
English Translated by Vermillion Desserts	TranslationCredit	1	1	0
English Translated by Verve Fanworks, Rev 1.04	TranslationCredit	1	1	0
English Translated by Vice Translations	TranslationCredit	1	1	0
English Translated by Walxer, Rev 0.81	TranslationCredit	1	1	0
English Translated by Walxer, Rev 0.85	TranslationCredit	1	1	0
English Translated by Wonder-inc, Rev 1.01 - NTSC Version	TranslationCredit	1	1	0
English Translated by Zander3312, Rev 0.9	TranslationCredit	1	1	0
English Translated, Prototype	TranslationCredit	1	1	0
English Translated, Rev 0.95 With English Dub Patch, Rev 1.1, by Burnt Lasagna	TranslationCredit	1	1	0
English Translated, Rev 0.98, by Nebulous Translations	TranslationCredit	1	1	0
English Translated, Rev 0.99, by Gaijin Productions	TranslationCredit	1	1	0
English Translated, Rev 0.99, by Spinner 8 and Friends	TranslationCredit	1	1	0
English Translated, Rev 0.99b, by Gaijin Productions and Zatos Hacks	TranslationCredit	1	1	0
English Translated, Rev 021210, by Zoinkity	TranslationCredit	1	1	0
English Translated, Rev 1.01, by Dave Shadoff and Filler	TranslationCredit	1	1	0
English Translated, Rev 1.01, by Gil Galad	TranslationCredit	1	1	0
English Translated, Rev 1.01, by MrRichard999	TranslationCredit	1	1	0
English Translated, Rev 1.01, by Onionzoo and Cabbage	TranslationCredit	1	1	0
English Translated, Rev 1.01, by Ozidual	TranslationCredit	1	1	0
English Translated, Rev 1.01, by Zoinkity	TranslationCredit	1	1	0
English Translated, Rev 1.02, by Ozidual	TranslationCredit	1	1	0
English Translated, Rev 1.1	TranslationCredit	1	1	0
English Translated, Rev 1.1, by Filler and Cabbage	TranslationCredit	1	1	0
English Translated, Rev 1.1, by Jordiway73	TranslationCredit	1	1	0
English Translated, Rev 1.1, by MooZ and Shubibiman	TranslationCredit	1	1	0
English Translated, Rev 1.1, by Nebulous Translations	TranslationCredit	1	1	0
English Translated, Rev 1.1, by Procyon	TranslationCredit	1	1	0
English Translated, Rev 1.1, by Spinner 8 and Friends	TranslationCredit	1	1	0
English Translated, Rev 1.1, by Vice Translations	TranslationCredit	1	1	0
English Translated, Rev 1.2	TranslationCredit	1	1	0
English Translated, Rev 1.2, by Lipemco! Translations	TranslationCredit	1	1	0
English Translated, Rev 1.2, by Super Roboprotector	TranslationCredit	1	1	0
English Translated, Rev 1.2, by tAz-07	TranslationCredit	1	1	0
English Translated, Rev 1.3, by D	TranslationCredit	1	1	0
English Translated, Rev 1.3, by Zoinkity	TranslationCredit	1	1	0
English Translated, Rev 1.31, by Spinner 8 and Friends	TranslationCredit	1	1	0
English Translated, Rev 1.77, by Star Trinket	TranslationCredit	1	1	0
English Translated, Rev 1E, by Dave Shadoff	TranslationCredit	1	1	0
English Translated, Rev 2, by Psyklax	TranslationCredit	1	1	0
English Translated, Rev 2.33, by Columbo	TranslationCredit	1	1	0
English Translated, Rev 3, by VPW	TranslationCredit	1	1	0
English Translated, Rev v1.1, by Supper	TranslationCredit	1	1	0
English Translated, Rev v1.3, by Supper	TranslationCredit	1	1	0
English Translation by Brandnewscooby	TranslationCredit	1	1	0
English Translation by Puppy	TranslationCredit	1	1	0
English Translation by Ripper, Rev 0.19	TranslationCredit	1	1	0
Enhanced Soundtrack Disc	NeedsReview	1	0	1
Enterbrain Collection	NeedsReview	1	0	1
Ep-MyCard	NeedsReview	1	0	1
Episode 1 Tsuki no Shinden	NeedsReview	1	0	1
Episode 2 Shitou! Wily Numbers	NeedsReview	1	0	1
Episode 23	NeedsReview	1	0	1
Episode 24	NeedsReview	1	0	1
Episode 25	NeedsReview	1	0	1
Episode 26	NeedsReview	1	0	1
Episode 3 Saigo no Tatakai!!	NeedsReview	1	0	1
Equinoxe - 2017	NeedsReview	1	1	0
Es+En,Fr,De,Es,It	NeedsReview	1	0	1
Es,Ca	Language	1	0	1
Es,It+En,Es,It,Sv,Da	NeedsReview	1	0	1
Es,It+Es	NeedsReview	1	0	1
Es,It+It	NeedsReview	1	0	1
Es,It,Nl	Language	1	0	1
Es,Nl	Language	1	0	1
Es,Sv,No	Language	1	0	1
Escape, Triple Peaks, and Numbers - EU	NeedsReview	1	1	0
Europe, Germany	Region	1	0	1
Europe-ban	NeedsReview	1	0	1
Evasive+, Satellite, Bombs Away, and Farewell... - EU	NeedsReview	1	1	0
Evercade, GOG	Platform	1	0	1
Everything Unlocked Patch by Triclon - NA	HackOrPatchCredit	1	1	0
Expert - Desert	NeedsReview	1	1	0
Expert - Dirt	NeedsReview	1	1	0
Extra Box	NeedsReview	1	0	1
F	NeedsReview	1	0	1
F-202	NeedsReview	1	0	1
F-4001	NeedsReview	1	1	0
F-4002	NeedsReview	1	1	0
F-4003	NeedsReview	1	1	0
F-4004	NeedsReview	1	1	0
F-4005	NeedsReview	1	1	0
F-4006	NeedsReview	1	1	0
F-4007	NeedsReview	1	1	0
F-4008	NeedsReview	1	1	0
F-4009	NeedsReview	1	1	0
F-4010	NeedsReview	1	1	0
F-Y2	NeedsReview	1	1	0
FAAT, FABT, FACT	NeedsReview	1	0	1
FABT, FACT, FAET, FAFT	NeedsReview	1	0	1
FACT	NeedsReview	1	0	1
FACT, FADT	NeedsReview	1	0	1
FAFT	NeedsReview	1	0	1
FC999	NeedsReview	1	1	0
FK-8004	NeedsReview	1	1	0
FK-8006	NeedsReview	1	1	0
FK-8379	NeedsReview	1	1	0
FK-C4-33	NeedsReview	1	1	0
FL-4466A	NeedsReview	1	1	0
FL-58	NeedsReview	1	1	0
FM Music Patch - NA	HackOrPatchCredit	1	1	0
FM Sound Patch, Rev 1.2 - NA	HackOrPatchCredit	1	1	0
FS006	NeedsReview	1	1	0
FS303	NeedsReview	1	1	0
FS305	NeedsReview	1	1	0
FS308	NeedsReview	1	1	0
Famitsuu Version	NeedsReview	1	0	1
Fast Version	NeedsReview	1	1	0
FastROM Hack by Wiiq and Conn, Rev 20160429	HackOrPatchCredit	1	1	0
Faster Walking Speed Patch by Diogo Ribeiro - NA	HackOrPatchCredit	1	1	0
Fears Behind	NeedsReview	1	0	1
Field Hunter	NeedsReview	1	0	1
Fiendish Freddy's Big Top o' Fun, Flimbo’s Quest, Klax & International Soccer	NeedsReview	1	1	0
Final Cut	NeedsReview	1	0	1
Fingers - NA, Rev 1 - Disc 1	NeedsReview	1	1	0
Fire and Earth - NA - Disc 1	NeedsReview	1	1	0
Fivers and Telly Trivia - EU	NeedsReview	1	1	0
Fixed E-F Color Bug	NeedsReview	1	1	0
Flashback Entertainment	NeedsReview	1	1	0
Flight of Fantasy, Occult Connection, The Last Battle, and Matt Lucas - EU	NeedsReview	1	1	0
Fortress, Solitaire, T 'n' T, and Shoot-em-Up - EU	NeedsReview	1	1	0
Forward Entry	NeedsReview	1	0	1
Fourteen-Out and D.O.E. P.S.A. Skittles - EU	NeedsReview	1	1	0
Fr+En	NeedsReview	1	0	1
Fr+En,Fr,De,Es,It	NeedsReview	1	0	1
Fr,De,Es,It,Nl	Language	1	0	1
Fr,De,Es,It,Nl,Pt	Language	1	0	1
Fr,De,Es,It,Nl,Sv,Da	Language	1	0	1
Fr,De,Es,It,Sv	Language	1	0	1
Fr,De,Es,Nl	Language	1	0	1
Fr,De,It,Nl	Language	1	0	1
Fr,De,Pt	Language	1	0	1
Fr,Es	Language	1	0	1
Fr,It	Language	1	0	1
Fr,Nl+Fr,De,Nl	NeedsReview	1	0	1
Fr,Nl,Pl	Language	1	0	1
Fr,Nl,Sv,No,Da	Language	1	0	1
Frame Rate Improvement and 6 Button Patch by Ti - NA	HackOrPatchCredit	1	1	0
France, Spain	Region	1	0	1
Freem Edition Patch, Rev 2023-07-30, by Freem and Friends - JP	HackOrPatchCredit	1	1	0
Freetime, Strategy, Cash-Flow, Solitaire, and Defusion! - EU	NeedsReview	1	1	0
Frisbee Ken John - JP	NeedsReview	1	1	0
From Seiya Monogatari Taikenban - JP	NeedsReview	1	1	0
Fruit Machine, Laser Dodge, Yahtzee, Drac Attack, Worms World, Dead Ducks, Dan's Diamonds, Solitaire, Simon, Annoyance, and Spec Tiles - EU	NeedsReview	1	1	0
Fruity, Bug2, and Gardner - EU	NeedsReview	1	1	0
Future was 8bit, The - 2020	NeedsReview	1	1	0
GBA Enhanced	NeedsReview	1	0	1
GF3 B	NeedsReview	1	1	0
GF4-2 F	NeedsReview	1	1	0
GF4-2 X	NeedsReview	1	1	0
Gallop	NeedsReview	1	0	1
Galvinator - EU	NeedsReview	1	1	0
Game Honpen	NeedsReview	1	0	1
GameCube, Zelda Collection	NeedsReview	1	0	1
Gamecube	Platform	1	0	1
Gamtec	NeedsReview	1	1	0
Geir Straume - 2022	NeedsReview	1	1	0
Gem-X, Sports Game, Immortal Combat, and Universe - EU	NeedsReview	1	1	0
General Instrument	NeedsReview	1	0	1
General Knowledge Quiz, Toad Shot, and City Bomber - EU	NeedsReview	1	1	0
Genghis Khan	NeedsReview	1	1	0
Gensokigou Master	NeedsReview	1	0	1
Gentei Set	NeedsReview	1	0	1
Ghost Sweeper	NeedsReview	1	0	1
Glitchcore Version	NeedsReview	1	1	0
Global Game Jam 2016	NeedsReview	1	1	0
Global Game Jam 2020	NeedsReview	1	1	0
Global Game Selection 2000	NeedsReview	1	0	1
Go!, Adventurer, Santa Goes Psycho, A Nightmare on Sesame Street, and Banzai! Solitaire - EU	NeedsReview	1	1	0
Goatscrote - 2022	NeedsReview	1	1	0
Gold Mine - Rev 4, Pontoon, and Two-in-a-Bed - EU	NeedsReview	1	1	0
Goliath	NeedsReview	1	0	1
Graffiti - EU	NeedsReview	1	1	0
Gran Turismo Mode	NeedsReview	1	0	1
Gridlock, The Roman Empire, and Eater - EU	NeedsReview	1	1	0
Gridwords and Tap Trouble - EU	NeedsReview	1	1	0
Grue Knapped! - EU	NeedsReview	1	1	0
Guessagram, Japanese Patience, and Snake Mania - EU	NeedsReview	1	1	0
Guesshue and A Day at the Races - EU	NeedsReview	1	1	0
GunBullet + GunCon	NeedsReview	1	0	1
HES	NeedsReview	1	1	0
HMNK-143	NeedsReview	1	1	0
HOT B	NeedsReview	1	0	1
Hacker International	NeedsReview	1	1	0
Hanafuda de Koi!	NeedsReview	1	0	1
Hangman and Patience - EU	NeedsReview	1	1	0
Hard	NeedsReview	1	1	0
HesWare	NeedsReview	1	1	0
Hey Sung	NeedsReview	1	1	0
HiCom	NeedsReview	1	0	1
Hindsbosoft - 2014	NeedsReview	1	1	0
History of Super Robot Wars	NeedsReview	1	0	1
Home World and Stom - EU	NeedsReview	1	1	0
Homeworld, Light Cycles, and Sum Game - EU	NeedsReview	1	1	0
Honpen Disc Ichi	NeedsReview	1	0	1
Honpen Disc Ni	NeedsReview	1	0	1
Hot Mario Campaign	NeedsReview	1	0	1
Hot Pursuit and Solitaire - EU	NeedsReview	1	1	0
Hudson Soft	NeedsReview	1	0	1
Hulten Brothers - 2014	NeedsReview	1	1	0
Hunchy - EU	NeedsReview	1	1	0
IC4-4 B-1	NeedsReview	1	1	0
IC4-4 X	NeedsReview	1	1	0
INTV	NeedsReview	1	0	1
INTV Corp.	NeedsReview	1	0	1
Ichigo Disc	NeedsReview	1	0	1
Il Gioco	NeedsReview	1	0	1
Imagic	NeedsReview	1	1	0
Impossamole - EU	NeedsReview	1	1	0
Improved Version	NeedsReview	1	0	1
India	Region	1	0	1
Indoor	NeedsReview	1	1	0
Infinite Games	Label	1	1	0
Infinite R.E. - EU	NeedsReview	1	1	0
Infinite lives	NeedsReview	1	1	0
Input 64	NeedsReview	1	1	0
Interactive Sampler CD	NeedsReview	1	0	1
Interceptor	NeedsReview	1	1	0
Intermission Disc	NeedsReview	1	0	1
Interplay 1988	NeedsReview	1	1	0
Intro	NeedsReview	1	1	0
Introes	NeedsReview	1	0	1
Invaders from Planet X - EU	NeedsReview	1	1	0
Invasion, SAM Mines, and Bats - EU	NeedsReview	1	1	0
Invasion, TankZap, and Green's Games - EU	NeedsReview	1	1	0
Invincibility	NeedsReview	1	1	0
It,Nl	Language	1	0	1
It,Sv	Language	1	0	1
J-D1	NeedsReview	1	1	0
JAL Kinai Hanbai Gentei	NeedsReview	1	0	1
JF-002	NeedsReview	1	1	0
JJ-01	NeedsReview	1	1	0
JMHWANG	NeedsReview	1	0	1
JP - 4MB Hack Patch by YZB, Rev 2020-05-31	HackOrPatchCredit	1	1	0
JP - 4MB Hack Patch by YZB, Rev 2020-06-07	HackOrPatchCredit	1	1	0
JP - 4MB Hack Patch by YZB, Rev 2020-08-24	HackOrPatchCredit	1	1	0
JP - 4MB Hack Patch by YZB, Rev 2022-08-01	HackOrPatchCredit	1	1	0
JP - All Heroes Patch by Shadow501, Rev 1.2	HackOrPatchCredit	1	1	0
JP - Disc 1 - Arcade	Disc+Region+Platform	1	1	0
JP - Disc 1 - Disc-B	Disc+Region	1	1	0
JP - Disc 1 - Disc-F	Disc+Region	1	1	0
JP - Disc 1 - English Dubbed by John Osborne, Rev 2	NeedsReview	1	1	0
JP - Disc 1 - English Translated by John Osborne With Cross MOD Patch by the Weekdays in Forsena Group, Rev 7.1	TranslationCredit	1	1	0
JP - Disc 1 - English Translated by KBLO, Rev 20251010 - Dubbed Version	TranslationCredit	1	1	0
JP - Disc 1 - Ichigo	NeedsReview	1	1	0
JP - Disc 1 - Kamen Rider	NeedsReview	1	1	0
JP - Disc 1 - Langrisser IV - English Translated by Kil, Rev 1.3	TranslationCredit	1	1	0
JP - Disc 1 - Thunder Storm	NeedsReview	1	1	0
JP - Disc 1 - Thunder Storm LX-3	NeedsReview	1	1	0
JP - Disc 1 - Vol. 1 - Toki no Maigo	NeedsReview	1	1	0
JP - Disc 2 - Addition	NeedsReview	1	1	0
JP - Disc 2 - Append	NeedsReview	1	1	0
JP - Disc 2 - English Dubbed by John Osborne, Rev 2	NeedsReview	1	1	0
JP - Disc 2 - English Translated by John Osborne With Cross MOD Patch by the Weekdays in Forsena Group, Rev 7.1	TranslationCredit	1	1	0
JP - Disc 2 - Gallop	NeedsReview	1	1	0
JP - Disc 2 - Momo	NeedsReview	1	1	0
JP - Disc 2 - Omake Disc	NeedsReview	1	1	0
JP - Disc 2 - Portrait CD	NeedsReview	1	1	0
JP - Disc 2 - Premium CD	NeedsReview	1	1	0
JP - Disc 2 - Sengoku Kawaraban - Digital Edition	NeedsReview	1	1	0
JP - Disc 2 - Shadow Over Mystara	NeedsReview	1	1	0
JP - Disc 2 - Vol. 2 - Inochigake no Tabi	NeedsReview	1	1	0
JP - Disc 3 - Vol. 3 - Watashi ni Sayonara wo	NeedsReview	1	1	0
JP - English Translated by Bulk Slash English Localization Team, Rev 1.001 - Dubbed Version	TranslationCredit	1	1	0
JP - English Translated by Exxistance - Dubbed Version	TranslationCredit	1	1	0
JP - English Translated by Gemini, Throughhim413, and Tom, Rev 1.2	TranslationCredit	1	1	0
JP - English Translated by Hemulen	TranslationCredit	1	1	0
JP - English Translated by Hilltop, Rev 1.1 - Classic Arale Version	TranslationCredit	1	1	0
JP - English Translated by KoolFiller, Rev 2025-06-14 - Dubbed Version	TranslationCredit	1	1	0
JP - English Translated by Malenko, Rev 2024.02.04-01 - Revised Version	TranslationCredit	1	1	0
JP - English Translated by Meduza Team, Rev 1.1 - Ultimate Fork PSX Script Version	TranslationCredit	1	1	0
JP - English Translated by Meduza Team, Rev 1.1 - Ultimate PSP Script Version	TranslationCredit	1	1	0
JP - English Translated by Mentil With EX Patch by Paul_met	TranslationCredit	1	1	0
JP - English Translated by Shining Force III Translation Project, Rev 25.1	TranslationCredit	1	1	0
JP - Eurobeat Mix Patch by Mr357	HackOrPatchCredit	1	1	0
JP - FastROM Hack by Bankbank, Rev 1.04	HackOrPatchCredit	1	1	0
JP - FastROM Hack by Kandowontu, Rev 1.2	HackOrPatchCredit	1	1	0
JP - FastROM Hack by Kandowontu, Rev 1.21	HackOrPatchCredit	1	1	0
JP - Hybrid Version	NeedsReview	1	1	0
JP - Kisekae Disc Kanzenban	NeedsReview	1	1	0
JP - Limit Over Hack by CafeBreak Project, Rev 2.1 - English Translated by Ms. Tea	TranslationCredit	1	1	0
JP - MZD Mod Patch by BoubouV12, Rev 25-01-2025	HackOrPatchCredit	1	1	0
JP - Quality of Life Improvements Patch by Privateye	HackOrPatchCredit	1	1	0
JP - SRAM, Scroll Speed, and Stereo Patches by Blizzz, Rev 1b	NeedsReview	1	1	0
JP - Wizardry VI - Bane of the Cosmic Forge - English Translated by Remisse, Rev 0.51 - Enhanced Version	TranslationCredit	1	1	0
JP, Rev 1 - FastROM Hack by Kandowontu	HackOrPatchCredit	1	1	0
JP, Rev B - Quality of Life Improvements Patch by Privateye	HackOrPatchCredit	1	1	0
JP, Rev C	Region+Revision	1	1	0
JR Nishi-Nihon Presents	NeedsReview	1	0	1
JY-011	NeedsReview	1	1	0
JY-035	NeedsReview	1	1	0
JY-074	NeedsReview	1	1	0
JY-076	NeedsReview	1	1	0
JY-120A	NeedsReview	1	1	0
JY-227	NeedsReview	1	1	0
JY-609	NeedsReview	1	1	0
JY010	NeedsReview	1	1	0
JY039	NeedsReview	1	1	0
Ja,Ko	Language	1	0	1
Janky Multiplayer	NeedsReview	1	1	0
Japan, Europe, Australia	Region	1	0	1
Japan, Europe, Korea	Region	1	0	1
Japan, USA, Korea	Region	1	0	1
Japanese Original Version - English Translated With Save Fix by John Osborne	TranslationCredit	1	1	0
Jet Set SAM, Bee Bopping, Addiction, and Last Stand II - EU	NeedsReview	1	1	0
Jeu	NeedsReview	1	0	1
Jim Roof	NeedsReview	1	1	0
John Christian Lønningdal and Saul Cross - 2016	NeedsReview	1	1	0
Jon Wells - 2001	NeedsReview	1	1	0
Joypad	NeedsReview	1	0	1
Juice - NA, Rev 1 - Disc 2	NeedsReview	1	1	0
Jumper and Snake! - EU	NeedsReview	1	1	0
Just-in-Case	NeedsReview	1	1	0
Just-in-Caser	NeedsReview	1	1	0
Just-in-Casest	NeedsReview	1	1	0
K	NeedsReview	1	1	0
K-E3	NeedsReview	1	1	0
K-Tel	NeedsReview	1	1	0
K-W3	NeedsReview	1	1	0
K-tel	NeedsReview	1	1	0
K1023	NeedsReview	1	1	0
K23-001	NeedsReview	1	1	0
K4022	NeedsReview	1	1	0
K4033	NeedsReview	1	1	0
KG-410	NeedsReview	1	1	0
KG-448	NeedsReview	1	1	0
KG-449	NeedsReview	1	1	0
KG-450	NeedsReview	1	1	0
KG-457	NeedsReview	1	1	0
KG-458	NeedsReview	1	1	0
KG-459	NeedsReview	1	1	0
KG-460	NeedsReview	1	1	0
KG-461	NeedsReview	1	1	0
KG-462	NeedsReview	1	1	0
KG-481	NeedsReview	1	1	0
KG-483	NeedsReview	1	1	0
KG-495	NeedsReview	1	1	0
KG-496	NeedsReview	1	1	0
KG-497	NeedsReview	1	1	0
KS-7010	NeedsReview	1	1	0
KS-7012	NeedsReview	1	1	0
KS-7013	NeedsReview	1	1	0
KS-7016	NeedsReview	1	1	0
KS-7016B	NeedsReview	1	1	0
KS-7021A	NeedsReview	1	1	0
KS-7030	NeedsReview	1	1	0
KS-7031	NeedsReview	1	1	0
KS-7032	NeedsReview	1	1	0
KS-7037	NeedsReview	1	1	0
KS-7047	NeedsReview	1	1	0
KS-7057	NeedsReview	1	1	0
KT 2136	NeedsReview	1	1	0
KT-2128	NeedsReview	1	1	0
KT-2214	NeedsReview	1	1	0
KY-2001	NeedsReview	1	1	0
Kabuto - 2012	NeedsReview	1	1	0
Kamen Rider	NeedsReview	1	0	1
Kari	NeedsReview	1	0	1
Karmic - 2021	NeedsReview	1	1	0
Karsten Senkel - 2020	NeedsReview	1	1	0
Kayou-ban	NeedsReview	1	0	1
Keihin Ban	NeedsReview	1	0	1
Kellogg Original Waku Waku Doki Doki Ninki Game Chara Daishuugou! - JP	NeedsReview	1	1	0
Key Disc	NeedsReview	1	0	1
Kickstarter Version	NeedsReview	1	1	0
Kiosk, E3 1997	NeedsReview	1	0	1
Kisekae Disc	NeedsReview	1	0	1
Kisekae Disc Kanzenban	NeedsReview	1	0	1
Knock-Out, SAM Coupé Derby, and Guess the Number - EU	NeedsReview	1	1	0
Knockout Whist, Bug Fever, Ludo, and Mastermind - EU	NeedsReview	1	1	0
Kobyashi Ag'Kwo, Crack City, Diablo, and The Darkest Road - EU	NeedsReview	1	1	0
Koei the Best	NeedsReview	1	0	1
Kojiroh Disc	NeedsReview	1	0	1
Kor,A	NeedsReview	1	1	0
Kor2	NeedsReview	1	1	0
Korean,Alt	Region+Revision	1	1	0
Kou Yuukan Hen	NeedsReview	1	0	1
Koukousei Jidai	NeedsReview	1	0	1
LA01	NeedsReview	1	1	0
LA03	NeedsReview	1	1	0
LA04	NeedsReview	1	1	0
LA05	NeedsReview	1	1	0
LA06	NeedsReview	1	1	0
LA07	NeedsReview	1	1	0
LA10	NeedsReview	1	1	0
LA16	NeedsReview	1	1	0
LA17	NeedsReview	1	1	0
LA20	NeedsReview	1	1	0
LA22	NeedsReview	1	1	0
LA25	NeedsReview	1	1	0
LA34	NeedsReview	1	1	0
LA40	NeedsReview	1	1	0
LA42	NeedsReview	1	1	0
LA59	NeedsReview	1	1	0
LB16	NeedsReview	1	1	0
LB30	NeedsReview	1	1	0
LB31	NeedsReview	1	1	0
LB33	NeedsReview	1	1	0
LB35	NeedsReview	1	1	0
LC-Games - 2022	NeedsReview	1	1	0
LC10	NeedsReview	1	1	0
LD12	NeedsReview	1	1	0
LD28	NeedsReview	1	1	0
LE05	NeedsReview	1	1	0
LE08	NeedsReview	1	1	0
LE10	NeedsReview	1	1	0
LEE05040	NeedsReview	1	1	0
LEE08072	NeedsReview	1	1	0
LF11	NeedsReview	1	1	0
LF36	NeedsReview	1	1	0
LG06	NeedsReview	1	1	0
LG25	NeedsReview	1	1	0
LG4 E	NeedsReview	1	1	0
LG4 X	NeedsReview	1	1	0
LH09	NeedsReview	1	1	0
LH10	NeedsReview	1	1	0
LH12	NeedsReview	1	1	0
LH15	NeedsReview	1	1	0
LH28	NeedsReview	1	1	0
LH29	NeedsReview	1	1	0
LH30	NeedsReview	1	1	0
LH32	NeedsReview	1	1	0
LH42	NeedsReview	1	1	0
LH51	NeedsReview	1	1	0
LH53	NeedsReview	1	1	0
LH54	NeedsReview	1	1	0
LH57	NeedsReview	1	1	0
LH89	NeedsReview	1	1	0
LH90	NeedsReview	1	1	0
La Documentation	NeedsReview	1	0	1
Labyrinth and 9D Noughts and Crosses - EU	NeedsReview	1	1	0
Langrisser IV Disc	NeedsReview	1	0	1
Langrisser V Disc	NeedsReview	1	0	1
Laser Squad, Black Jack, and Circuitry - EU	NeedsReview	1	1	0
Later	NeedsReview	1	0	1
Lawson Station	NeedsReview	1	0	1
Lazycow - 2019	NeedsReview	1	1	0
Lemming Attack - EU	NeedsReview	1	1	0
Lemmings, Bong!, Worms World, Jaws, Dice Game, and Ore Warz Extra levels - EU	NeedsReview	1	1	0
Let's Sugoroku	NeedsReview	1	0	1
Level 1	NeedsReview	1	0	1
Level 11-G	NeedsReview	1	0	1
Level 2	NeedsReview	1	0	1
Level 3	NeedsReview	1	0	1
Levels 000	NeedsReview	1	0	1
Levels 1 and 2	NeedsReview	1	1	0
Levels 3 and 4	NeedsReview	1	1	0
Levels 5 and 6	NeedsReview	1	1	0
Levels-B	NeedsReview	1	0	1
Li Cheng	NeedsReview	1	0	1
Library	NeedsReview	1	0	1
Light Cycles and Sum Game - EU	NeedsReview	1	1	0
Light Phaser	NeedsReview	1	0	1
Lightcycles Trundle, Battleships, Snooker, Lazer Maze, Hi-Lo, Alf the Apple Eater, Pontoon, Blitz-Kreig, Shanghai, Lovehearts, Squiggle, OXO, Goalie, Explode, and Rescue - EU	NeedsReview	1	1	0
Lightcycles Trundle, Hi-Lo, and SAM Crossword - EU	NeedsReview	1	1	0
Line Games - EU	Region+Label	1	1	0
Lines Mode Unlock Patch by Gallaux - NA	HackOrPatchCredit	1	1	0
Link! and Bouncing Things - EU	NeedsReview	1	1	0
Lock-on	NeedsReview	1	0	1
Long Yu Tianxia	NeedsReview	1	1	0
Lost & Found Volume 2	NeedsReview	1	0	1
Ludum Dare 44	NeedsReview	1	1	0
Ludum Dare 47	NeedsReview	1	1	0
Ludum Dare 50	NeedsReview	1	1	0
Ludum Dare 52	NeedsReview	1	1	0
Luna Software	NeedsReview	1	1	0
Lycanthrope Fix by Zoinkity - NA	NeedsReview	1	1	0
M-16	NeedsReview	1	1	0
M-D2	NeedsReview	1	1	0
M-I6	NeedsReview	1	0	1
M-U1	NeedsReview	1	1	0
MAX - v01	NeedsReview	1	1	0
MAX - v02	NeedsReview	1	1	0
MAX v01	NeedsReview	1	1	0
MAX v02 - Alt	NeedsReview	1	1	0
MD102	NeedsReview	1	1	0
MDST17FF	NeedsReview	1	0	1
MDST6636	NeedsReview	1	0	1
MDSTEE13	NeedsReview	1	0	1
MR4-1 A	NeedsReview	1	1	0
Macbeth and Tetris - EU	NeedsReview	1	1	0
Maciej Malecki - 2022	NeedsReview	1	1	0
Mad Dog - NA, Rev 1 - Disc 3	NeedsReview	1	1	0
Mad Productions - 2010	NeedsReview	1	1	0
Made in EU, Made in Japan	NeedsReview	1	0	1
Magfest 2023	NeedsReview	1	1	0
Magic - EU	NeedsReview	1	1	0
Magical Drop +1	NeedsReview	1	0	1
Magical Drop III	NeedsReview	1	0	1
Magicalpha - EU	NeedsReview	1	1	0
Mahjong de Pon!	NeedsReview	1	0	1
Majesco	NeedsReview	1	0	1
Manic Remix, Triple Peaks, The Thief, Tron, and Ant Farm - EU	NeedsReview	1	1	0
Mariano Kalafatovich - v1.1 - 2021	NeedsReview	1	1	0
Marina Disc	NeedsReview	1	0	1
Mario Builder 64 Patch by Arthurtilly and Rovertronic - NA	HackOrPatchCredit	1	1	0
Master System Evolution	Platform	1	0	1
Mastermind - EU	NeedsReview	1	1	0
Mastermind, Fruit Machine, and Santa! The Adventure - EU	NeedsReview	1	1	0
Mattack - EU	NeedsReview	1	1	0
Maze, The Witching Hour, Invaders, Pontoon, and Higher or Lower - EU	NeedsReview	1	1	0
Mega 6	NeedsReview	1	0	1
Mega Drive Mini	Platform	1	0	1
Mega Drive PlayTV	NeedsReview	1	0	1
Mega Power	NeedsReview	1	0	1
Mega Sega	NeedsReview	1	0	1
Megastyle - 2019	NeedsReview	1	1	0
Megastyle - 2020	NeedsReview	1	1	0
Megastyle - 2021	NeedsReview	1	1	0
Megastyle 2019	NeedsReview	1	1	0
Melbourne House	NeedsReview	1	1	0
Memory Bank Disc	NeedsReview	1	0	1
Metal Slug 3 boot	NeedsReview	1	1	0
Meteor Mania, Jetpac, Omahf, Haunted House, and Universe Sim - EU	NeedsReview	1	1	0
Method	NeedsReview	1	0	1
Mexico	Region	1	0	1
Microprose Soccer, Rick Dangerous & Stunt Car Racer	NeedsReview	1	1	0
Minadzuki - Kotobuki - Sakura	NeedsReview	1	0	1
Mindscape	NeedsReview	1	0	1
Mine, Reversal, Hide 'n' Seek, and React - EU	NeedsReview	1	1	0
Minesweeper - EU	NeedsReview	1	1	0
MiniGame Compo 2004	NeedsReview	1	1	0
Mirrorsoft	NeedsReview	1	1	0
Mission 1 - Mine Menace	NeedsReview	1	1	0
Mission 2 - Sub Crash	NeedsReview	1	1	0
Mission 3 - The Bank Job	NeedsReview	1	1	0
Mission 4 - Countdown to Terror	NeedsReview	1	1	0
Mission Briefing	NeedsReview	1	0	1
Mix 'n Match, Colour Clash, and Patience - EU	NeedsReview	1	1	0
Mix 'n' Match, Tiler, and The Quest for the Green Frog - EU	NeedsReview	1	1	0
Mix256 - 2011	NeedsReview	1	1	0
Moai-ui Bomul - KR	NeedsReview	1	1	0
Mod	NeedsReview	1	1	0
Momo Disc	NeedsReview	1	0	1
Mondo21 Version	NeedsReview	1	1	0
Mono	NeedsReview	1	1	0
Monster Game	NeedsReview	1	0	1
Moonlander and Othello - EU	NeedsReview	1	1	0
Mouse Controller Set	NeedsReview	1	0	1
Mr. NOP - 2016	NeedsReview	1	1	0
Mr. NOP - 2017	NeedsReview	1	1	0
Mr. Pac and Bumpy - EU	NeedsReview	1	1	0
Mr. Pilot and Pegs - EU	NeedsReview	1	1	0
Mr. SID - 2014	NeedsReview	1	1	0
Multicart Rip	NeedsReview	1	0	1
Mummy	NeedsReview	1	1	0
Mune Kyun	NeedsReview	1	0	1
Museum	NeedsReview	1	0	1
Mushies!, Fade, and Fine Line - EU	NeedsReview	1	1	0
Music	NeedsReview	1	0	1
Music v1	NeedsReview	1	1	0
Music v2	NeedsReview	1	1	0
Myth Struggle	NeedsReview	1	1	0
N-32	NeedsReview	1	1	0
NA - 2.1 Improvements Patch by Lupus Erectus	HackOrPatchCredit	1	1	0
NA - Additional Features and Improvements Patch by Manoel Messias, Rev PB4 - Plus Version	HackOrPatchCredit	1	1	0
NA - All Characters Unlocked Patch by Golden Leon	HackOrPatchCredit	1	1	0
NA - Annoyance Removals Patch by Trisma, Rev 1.1	HackOrPatchCredit	1	1	0
NA - Audio Improvements Patch by Riggles, Rev 2	HackOrPatchCredit	1	1	0
NA - Bugfix Patch by John Osborne, Rev 5	HackOrPatchCredit	1	1	0
NA - Bugfixes by SCD, Rev Final	NeedsReview	1	1	0
NA - Bugfixes by Upsilandre	NeedsReview	1	1	0
NA - Camera Fix Patch by Cyneprepou4uk, Rev 001	HackOrPatchCredit	1	1	0
NA - Centipede Color Fix by 125scratch	NeedsReview	1	1	0
NA - Color Fixes by Dex909, Rev 1.1	NeedsReview	1	1	0
NA - Color Fixes by Mister Man, Rev 1.1	NeedsReview	1	1	0
NA - Combined Disc Patch by Silent	HackOrPatchCredit	1	1	0
NA - Complete Edition Patch by Hypercycle, Rev 3a	HackOrPatchCredit	1	1	0
NA - Content Restoration Patch by SCD, Rev Final - Victory Drink Plus! Version	HackOrPatchCredit	1	1	0
NA - Content Restoration Patch by SCD, Rev Final With FastROM Hack by Kandowontu	HackOrPatchCredit	1	1	0
NA - Content Restoration and Bugfixes by Artemis, Rev 7 - Frue Lufia Version	NeedsReview	1	1	0
NA - Content Restoration and Color Fix Patch by RealGaea, Rev 1.2 - Arcade Edition Version	HackOrPatchCredit	1	1	0
NA - Disc 0	Disc+Region	1	1	0
NA - Disc 1 - Arcade Disc	Disc+Region+Platform	1	1	0
NA - Disc 1 - Font Hack Patch by GreenGoblin	HackOrPatchCredit	1	1	0
NA - Disc 1 - Perfect Works Build, Rev 0.10.1 With All Patches, 1.5x EXP, Story Mode, and Script Changes	NeedsReview	1	1	0
NA - Disc 1 - Retranslation Patch by VoidWaveCEO, Rev 1.1 With Undub Patch and Bugfixes by Swosho, Rev 1.1	TranslationCredit	1	1	0
NA - Disc 1 - Shockwave - Invasion Earth	NeedsReview	1	1	0
NA - Disc 1 - True Analogs Patch by VanLaser, Rev 1.52	HackOrPatchCredit	1	1	0
NA - Disc 1 - True Analogs Patch by VanLaser, Rev 1.52 With Undub Patch by Swosho, Rev 1.1b	HackOrPatchCredit	1	1	0
NA - Disc 1 - Undub Patch	HackOrPatchCredit	1	1	0
NA - Disc 1 - Undub Patch by Etsuna, Rev 2	HackOrPatchCredit	1	1	0
NA - Disc 1 - Undub Patch by Mugi	HackOrPatchCredit	1	1	0
NA - Disc 1 - Undub Patch by NKS	HackOrPatchCredit	1	1	0
NA - Disc 1 - Undub Patch by RyleFury, Rev 1.01	HackOrPatchCredit	1	1	0
NA - Disc 2 - Evolution Disc	NeedsReview	1	1	0
NA - Disc 2 - Font Hack Patch by GreenGoblin	HackOrPatchCredit	1	1	0
NA - Disc 2 - Perfect Works Build, Rev 0.10.1 With All Patches, 1.5x EXP, Story Mode, and Script Changes	NeedsReview	1	1	0
NA - Disc 2 - Retranslation Patch by VoidWaveCEO, Rev 1.1 With Undub Patch and Bugfixes by Swosho, Rev 1.1	TranslationCredit	1	1	0
NA - Disc 2 - Shockwave - Operation Jumpgate	NeedsReview	1	1	0
NA - Disc 2 - True Analogs Patch by VanLaser, Rev 1.52	HackOrPatchCredit	1	1	0
NA - Disc 2 - True Analogs Patch by VanLaser, Rev 1.52 With Undub Patch by Swosho, Rev 1.1b	HackOrPatchCredit	1	1	0
NA - Disc 2 - Turbo Mode Disc	NeedsReview	1	1	0
NA - Disc 2 - Undub Patch	HackOrPatchCredit	1	1	0
NA - Disc 2 - Undub Patch by Etsuna, Rev 2	HackOrPatchCredit	1	1	0
NA - Disc 2 - Undub Patch by Mugi	HackOrPatchCredit	1	1	0
NA - Disc 2 - Undub Patch by NKS	HackOrPatchCredit	1	1	0
NA - Disc 2 - Undub Patch by RyleFury, Rev 1.01	HackOrPatchCredit	1	1	0
NA - Disc 3 - Retranslation Patch by VoidWaveCEO, Rev 1.1 With Undub Patch and Bugfixes by Swosho, Rev 1.1	TranslationCredit	1	1	0
NA - Disc 3 - Un-Working Designs Patch by Supper	HackOrPatchCredit	1	1	0
NA - Disc 4 - Retranslation Patch by VoidWaveCEO, Rev 1.1 With Undub Patch and Bugfixes by Swosho, Rev 1.1	TranslationCredit	1	1	0
NA - Disc 5	Disc+Region	1	1	0
NA - Disc A	Disc+Region	1	1	0
NA - Disc B	Disc+Region	1	1	0
NA - Easier Difficulty With Magic Fix Patch by Shatai	HackOrPatchCredit	1	1	0
NA - Epic Turismo Patch by Epic, Inc., Rev 1.4	HackOrPatchCredit	1	1	0
NA - Eyedol Unlocked Patch by NinjAkira - Deluxe Version	HackOrPatchCredit	1	1	0
NA - F-Zero Final Patch by Grego, Rev 0.2	HackOrPatchCredit	1	1	0
NA - FastROM Hack by Bankbank	HackOrPatchCredit	1	1	0
NA - FastROM Hack by Kandowontu, Rev 1.01	HackOrPatchCredit	1	1	0
NA - FastROM Hack by Kandowontu, Rev 2.1	HackOrPatchCredit	1	1	0
NA - FastROM Hack by Kandowontu, Rev 4	HackOrPatchCredit	1	1	0
NA - FastROM Hack by Master Linkuei	HackOrPatchCredit	1	1	0
NA - FastROM Hack by Patrick Mollohan, Rev 1.1	HackOrPatchCredit	1	1	0
NA - FastROM Hack by Vitor Vilela	HackOrPatchCredit	1	1	0
NA - FastROM Hack by Vitor Vilela, Rev 1.4	HackOrPatchCredit	1	1	0
NA - FastROM and SuperFX2 Hack by Catador, Kandowontu, and LivelyZephyrs, Rev 1.2	HackOrPatchCredit	1	1	0
NA - Fix Patch by Authorfafling, Rev 0.3	HackOrPatchCredit	1	1	0
NA - Graphical Overhaul by Gagarin, Rev 1.1 - Lennus Revival Version	NeedsReview	1	1	0
NA - Improvement Project Patch by Dark Hunter, Rev 0.1.1 With Addendum by Acediez, Rev 2.1.4	HackOrPatchCredit	1	1	0
NA - Inspired Patch by Inspired Wrestling, Rev 1.3	HackOrPatchCredit	1	1	0
NA - Level 6-1 Bugfix by Sluffy, Rev 20181102	NeedsReview	1	1	0
NA - Light Gun Support Patch by Raziel I.C.H.I. Znot	HackOrPatchCredit	1	1	0
NA - Master Edition Patch by Team GEC, Rev B4	HackOrPatchCredit	1	1	0
NA - Minor Improvements Patch by SCD	HackOrPatchCredit	1	1	0
NA - Mouse Support Patch by Rainwarrior	HackOrPatchCredit	1	1	0
NA - Movement Mod Patch by i_hate_drm With FastROM Hack by Kandowontu, Rev 1.01	HackOrPatchCredit	1	1	0
NA - Multi-Hack Patch by Maeson, Rev 1.09a	HackOrPatchCredit	1	1	0
NA - Music Restoration Patch by Alma Elma	HackOrPatchCredit	1	1	0
NA - NBA Jam '22 Patch by Ponlork, Rev 1.4	HackOrPatchCredit	1	1	0
NA - New Controls Patch by Mr2, Rev 0.4	HackOrPatchCredit	1	1	0
NA - Optimized Patch by MaxwelOlinda, Rev 1.1	HackOrPatchCredit	1	1	0
NA - PSP Improvements Patch by Acediez, Rev 1.1	HackOrPatchCredit	1	1	0
NA - Prime Edition Patch by Wakkoswami, Rev 6.1	HackOrPatchCredit	1	1	0
NA - Project A-Spec Patch by Komputerm Rev 1.2.1	HackOrPatchCredit	1	1	0
NA - QoL Patch, Rev 1.1 With Music Pitch Fix by Paul_met	HackOrPatchCredit	1	1	0
NA - Quality of Life Improvements Patch by Privateye	HackOrPatchCredit	1	1	0
NA - Quality of Life Improvements Patch by Privateye, Rev 1.1	HackOrPatchCredit	1	1	0
NA - Re-Dub Patch by Casey Mongillo, Kira Buckland, Eddie Correa Jr., and Others	HackOrPatchCredit	1	1	0
NA - Red Blood Patch by DarkSamus993	HackOrPatchCredit	1	1	0
NA - Red Blood Patch by Ortew	HackOrPatchCredit	1	1	0
NA - Red Blood Patch by Takashi	HackOrPatchCredit	1	1	0
NA - Reforged Patch by Mziab, FlamePurge, SeiichiroMine, and Kevan33, Rev 1.01	HackOrPatchCredit	1	1	0
NA - Restored Content and Additions by Lucas Dext5r, Rev 2.3 - Deluxe Version	NeedsReview	1	1	0
NA - Restored Progression Patch by CrazyMLC	HackOrPatchCredit	1	1	0
NA - Retranslation and Undub Patch by Eiowlta	TranslationCredit	1	1	0
NA - Retranslation and Undub Patch by FlamePurge	TranslationCredit	1	1	0
NA - SA-1 Patch by Bosn, Rev 1.2	HackOrPatchCredit	1	1	0
NA - SA-1 Patch by MaxwelOlinda With 2 Player Hack by VCG	HackOrPatchCredit	1	1	0
NA - SA-1 Patch by Vitor Vilela, Rev 1.1 Base With SA-1 Origin Patch	HackOrPatchCredit	1	1	0
NA - SA-1 Patch by Vitor Vilela, Rev 1.2	HackOrPatchCredit	1	1	0
NA - SA-1 Patch by Vitor Vilela, Rev 1.2 With Japanese Features Restoration Patch by SCD, Rev Final	HackOrPatchCredit	1	1	0
NA - SA-1 Patch by Vitor Vilela, Rev 1.4	HackOrPatchCredit	1	1	0
NA - SA-1 Patch by Vitor Vilela, Rev 1.7 Base With SA-1 Origin Patch by GuyPerfect	HackOrPatchCredit	1	1	0
NA - SRAM Patch by Yoshifanatic	HackOrPatchCredit	1	1	0
NA - Secret Characters Unlocked Patch by BillyTime! Games	HackOrPatchCredit	1	1	0
NA - Secret Characters Unlocked Patch by Gallaux	HackOrPatchCredit	1	1	0
NA - Secret Characters Unlocked by Snark-4918, Rev 2 - Champion Edition Version	NeedsReview	1	1	0
NA - Sound Canvas Patch by Shadowmask	HackOrPatchCredit	1	1	0
NA - Standalone Disc Patch by MrMario2011, Rev 2	HackOrPatchCredit	1	1	0
NA - Stereo Patch by Sluffy	HackOrPatchCredit	1	1	0
NA - SuperFX Hack by Kandowontu	HackOrPatchCredit	1	1	0
NA - The Last Hope Remastered Patch by Kaiseran, Rev 2.5	HackOrPatchCredit	1	1	0
NA - The Lion War Patch by The Lion War Team, Rev 2.031, With Video Patch	HackOrPatchCredit	1	1	0
NA - The Oath Patch by Kaiseran, Rev 8.2	HackOrPatchCredit	1	1	0
NA - True Analogs Patch by VanLaser, Rev 1.52	HackOrPatchCredit	1	1	0
NA - True Analogs Patch by VanLaser, Rev 1.52 With Undub Patch by Swosho, Rev 1.1b	HackOrPatchCredit	1	1	0
NA - True Director's Cut Patch by Deli295, Rev 0.4 - Original Soundtrack Version	HackOrPatchCredit	1	1	0
NA - Un-Working Designs Patch by Supper	HackOrPatchCredit	1	1	0
NA - Un-Working Designs Patch by Supper, Rev 0	HackOrPatchCredit	1	1	0
NA - Un-Working Designs Patch by Terrorgrafx, Rev 2	HackOrPatchCredit	1	1	0
NA - Uncensored Patch and Bugfixes by Chronosplit, Rev Rebuilt Fe	HackOrPatchCredit	1	1	0
NA - Uncensored Patch by Navarchos, Rev 1.12a With Dengeki Store Fix and Subbed FMV Addition by Swosho, Rev 1.1	HackOrPatchCredit	1	1	0
NA - Uncensored Patch by Ortew, Rev 1.1	HackOrPatchCredit	1	1	0
NA - Uncensored Patch by SCD, Rev Final	HackOrPatchCredit	1	1	0
NA - Uncensored Patch by ShadowOne333, Rev 2.1 With U.S. Font, U.S. Chain Whip SFX, and U.S. Title Screen Patches With FastROM Hack by Vitor Vilela, Rev 1.1	HackOrPatchCredit	1	1	0
NA - Uncensored Undub Patch by Sakitoshi, Rev 1.2	HackOrPatchCredit	1	1	0
NA - Uncensored and Restored Patch by FlamePurge, Rev 3.1 - Always Retry Mode Version	HackOrPatchCredit	1	1	0
NA - Undub Patch by Acediez, Rev 1.4	HackOrPatchCredit	1	1	0
NA - Undub Patch by BloodRaynare	HackOrPatchCredit	1	1	0
NA - Undub Patch by C&P-kyun, Rev 0.9	HackOrPatchCredit	1	1	0
NA - Undub Patch by Guilherme Resende, Rev 1.14 With Retranslation Patch by NectarHime	TranslationCredit	1	1	0
NA - Undub Patch by NKS	HackOrPatchCredit	1	1	0
NA - Undub Patch by Rari-teh, Rev 2	HackOrPatchCredit	1	1	0
NA - Variable Width Font Patch by FuSoYa’s Niche	HackOrPatchCredit	1	1	0
NA, Rev 1 - Arcade Mode	Region+Revision+Platform	1	1	0
NA, Rev 1.1 - True Analogs Patch by VanLaser, Rev 1.52	HackOrPatchCredit	1	1	0
NA, Rev 1.1 - True Analogs Patch by VanLaser, Rev 1.52 With Undub Patch by Swosho, Rev 1.1b	HackOrPatchCredit	1	1	0
NA, Rev 1.1 - Tweaks, Localization, and Custom Art Patch by Acediez, Rev 2.6	HackOrPatchCredit	1	1	0
NA, Rev 125	Region+Revision	1	1	0
NA, Rev 2 - Simulation Mode	NeedsReview	1	1	0
NA, Rev 2.10	Region+Revision	1	1	0
NA, Rev 5R, 6R	NeedsReview	1	1	0
NA, Rev 6	Region+Revision	1	1	0
NC-80	NeedsReview	1	1	0
NCN-21	NeedsReview	1	0	1
NES Classic Edition	NeedsReview	1	1	0
NES Mini Version	NeedsReview	1	1	0
NESDev 2020	NeedsReview	1	1	0
NESDev22 Compo Final	NeedsReview	1	1	0
NESWORLD Edition	NeedsReview	1	1	0
NESWorld	NeedsReview	1	1	0
NESdev Compo 2020-21	NeedsReview	1	1	0
NGen	NeedsReview	1	0	1
NHL 06	NeedsReview	1	0	1
NR8QV1 PCB	NeedsReview	1	1	0
NR8QV2 PCB	NeedsReview	1	1	0
NT Fixed	NeedsReview	1	1	0
NT-328	NeedsReview	1	1	0
NT-6031	NeedsReview	1	1	0
NT-6089	NeedsReview	1	1	0
NT-6098	NeedsReview	1	1	0
NT-616	NeedsReview	1	1	0
NT-672	NeedsReview	1	1	0
NT-851	NeedsReview	1	1	0
NT-865	NeedsReview	1	1	0
NT-881	NeedsReview	1	1	0
NTSC Conversion, Debug Menu, and Retranslation Patch by MikeeB84	TranslationCredit	1	1	0
NTSC Decoder	NeedsReview	1	1	0
NTSC Full	NeedsReview	1	1	0
NTSC Version	NeedsReview	1	0	1
Nanjin	NeedsReview	1	1	0
Nantong	NeedsReview	1	1	0
Nearly Final	NeedsReview	1	1	0
Neo Organic Bioform	NeedsReview	1	0	1
Neunzehn - English Translated by MrRichard999	TranslationCredit	1	1	0
New Generation Software	NeedsReview	1	1	0
New Version	NeedsReview	1	1	0
Nickelodeon Movies	NeedsReview	1	0	1
Nicktoons	NeedsReview	1	0	1
Nine Man's Morris and Clock Patience - EU	NeedsReview	1	1	0
Nintendo Gateway System	NeedsReview	1	0	1
No EXP chip	NeedsReview	1	0	1
No Mercy Plus Patch, Rev 2.1, by Retro Randy Price - NA, Rev 1	HackOrPatchCredit	1	1	0
No Way Back - EU	NeedsReview	1	1	0
Noah, Escape, and Midnight Special - EU	NeedsReview	1	1	0
Non-working	NeedsReview	1	0	1
Norbert Kehrer - 2013	NeedsReview	1	1	0
Not For Sale	NeedsReview	1	0	1
Noughts and Crosses - EU	NeedsReview	1	1	0
Noughts and Crosses 3, Quizzard 2, 4.Square, The Shrink, and Shut the Box - EU	NeedsReview	1	1	0
November 1996 - NA	NeedsReview	1	1	0
November, 1988	NeedsReview	1	1	0
OXO, Pontoon, and Caterpillar - EU	NeedsReview	1	1	0
Object	NeedsReview	1	0	1
October Version	NeedsReview	1	1	0
Old	NeedsReview	1	1	0
Older	NeedsReview	1	1	0
Omake Books Version	NeedsReview	1	1	0
Omake Disk	NeedsReview	1	0	1
One Level Demo Disc	NeedsReview	1	0	1
Ordernum and Bert Ball - EU	NeedsReview	1	1	0
Ore Warz and Dracula - EU	NeedsReview	1	1	0
Original Translation	TranslationCredit	1	0	1
Orochi	NeedsReview	1	1	0
Otameshi-ban	NeedsReview	1	0	1
Otanoshimi Data Disc	NeedsReview	1	0	1
Outdoor	NeedsReview	1	1	0
Oxyron - 2016	NeedsReview	1	1	0
Oxyron - 2022	NeedsReview	1	1	0
Oziphantom - 2017	NeedsReview	1	1	0
P's Club Genteiban	NeedsReview	1	0	1
P-C5	NeedsReview	1	1	0
P-H3	NeedsReview	1	1	0
P1022	NeedsReview	1	1	0
P1X3L-net - 2013	NeedsReview	1	1	0
P4H	NeedsReview	1	0	1
P5H	NeedsReview	1	0	1
PAL Full	NeedsReview	1	1	0
PAL-NTSC	NeedsReview	1	1	0
PAQA, PokeTan, Pocket Jiman	NeedsReview	1	0	1
PC10	NeedsReview	1	0	1
PCB,alt	NeedsReview	1	1	0
PL-0002	NeedsReview	1	1	0
PL-0006	NeedsReview	1	1	0
PN3 B	NeedsReview	1	1	0
PN4 E-1	NeedsReview	1	1	0
PROPER 12K	NeedsReview	1	0	1
Pacnsacdave Reproductions	NeedsReview	1	1	0
Pairs, Mem-Ex, and Lines - EU	NeedsReview	1	1	0
Paltry July Update	NeedsReview	1	1	0
Papposoft - 2007	NeedsReview	1	1	0
Part 3	NeedsReview	1	1	0
Patreon	NeedsReview	1	1	0
Patreon Demo 0320	NeedsReview	1	1	0
Pearl	NeedsReview	1	1	0
Perfect Guide	NeedsReview	1	0	1
Personal Computing Whirled! - EU	NeedsReview	1	1	0
Peru	Region	1	0	1
Pet Evolve	NeedsReview	1	1	0
Pet Family	NeedsReview	1	1	0
Pharaoh	NeedsReview	1	1	0
Phoenix, The Violator of Voodoo, and Aztec Assault - EU	NeedsReview	1	1	0
Photo Album	NeedsReview	1	0	1
PiMania II - PiMan's Progress and Annoyance - EU	NeedsReview	1	1	0
Piepacker	NeedsReview	1	1	0
Pixel Heart	NeedsReview	1	0	1
PlayMag Demo	NeedsReview	1	0	1
PlayStation Taiou	NeedsReview	1	0	1
PlayStation the Best for Family	Platform	1	0	1
Playable Game Preview	NeedsReview	1	0	1
PocketStation Doukon	NeedsReview	1	0	1
Poker for One, Blaster, and Noah - EU	NeedsReview	1	1	0
Pond Software - 2016	NeedsReview	1	1	0
Pond Software - 2018	NeedsReview	1	1	0
Pond Software - 2019	NeedsReview	1	1	0
Pond Software - v1.1 - 2016	NeedsReview	1	1	0
Portrait CD	NeedsReview	1	0	1
Power House	NeedsReview	1	1	0
Premium CD	NeedsReview	1	0	1
Premium Fan Disc	NeedsReview	1	0	1
Presence of Mind '98 Prototype	NeedsReview	1	1	0
Press Start Immediately at Clip 1, Clip 2, and Clip 3 and It Will Eventually Load	NeedsReview	1	1	0
Princess Clara	NeedsReview	1	0	1
Printable Crossword 2 and Spyship - EU	NeedsReview	1	1	0
Printable Crossword and QQQ Logic - EU	NeedsReview	1	1	0
Pro ni Kike!	NeedsReview	1	0	1
Profile Disc	NeedsReview	1	0	1
Proper	NeedsReview	1	1	0
Proto 10	Preview	1	0	1
Proto 11	Preview	1	0	1
Proto 12	Preview	1	0	1
Proto 13	Preview	1	0	1
Proto 6	Preview	1	0	1
Proto 7	Preview	1	0	1
Proto 8	Preview	1	0	1
Proto 9	Preview	1	0	1
Prototype - Bug Fix Patch by Zoinkity	HackOrPatchCredit	1	1	0
Prototype - Cliff Level	NeedsReview	1	1	0
Prototype - Dinomod Enhanced Patch, Rev 05-02-2023, by Ren Fuchsfein	HackOrPatchCredit	1	1	0
Prototype - Downtown, Tuna Factory, FHZ, and AI Test Level	NeedsReview	1	1	0
Prototype - Dragon Layout	NeedsReview	1	1	0
Prototype - English Translated by Zoinkity	TranslationCredit	1	1	0
Prototype - Gremlin Demo Disk	NeedsReview	1	1	0
Prototype - Improvements Patch by lancuster	HackOrPatchCredit	1	1	0
Prototype - Ninja Mucky Level	NeedsReview	1	1	0
Prototype - Plane Level	NeedsReview	1	1	0
Prototype - Prison, Sewer, Observatory, and Nakatomi Tower	NeedsReview	1	1	0
Prototype - Scorpion Layout	NeedsReview	1	1	0
Prototype - Test Level	NeedsReview	1	1	0
Prototype - Warehouse, Hospital, King Pin's Pad, and Police Department	NeedsReview	1	1	0
Prototype 1	Preview	1	1	0
Prototype 2	Preview	1	1	0
Prototype 3	Preview	1	1	0
Prototype, Rev 1.0a	Preview+Revision	1	1	0
Prototype, Rev 1.0f	Preview+Revision	1	1	0
Prototype, Rev 1.2	Preview+Revision	1	1	0
Prototype, Rev 2	Preview+Revision	1	1	0
Prototype, Rev 2000-05-28 Fixed	NeedsReview	1	1	0
Protovision - 2002	NeedsReview	1	1	0
Protovison - 2022	NeedsReview	1	1	0
Psytronik - 2009	NeedsReview	1	1	0
Psytronik - 2010	NeedsReview	1	1	0
Psytronik - 2017	NeedsReview	1	1	0
Puzzy	NeedsReview	1	0	1
Quelle	NeedsReview	1	0	1
Quintet, Line Up, Pixsaw, and Flip-It - EU	NeedsReview	1	1	0
Quix, Quix II, Manic Mazes, Math, and Le Box - EU	NeedsReview	1	1	0
Quizzard, Antimaze, and Trail Racer - EU	NeedsReview	1	1	0
R-Type Plus Patch by Justin Gibbins - NA	HackOrPatchCredit	1	1	0
R2	NeedsReview	1	0	1
RC.1	NeedsReview	1	1	0
RC.3	NeedsReview	1	1	0
RC.4a	NeedsReview	1	1	0
RC58	NeedsReview	1	1	0
RCB	NeedsReview	1	0	1
RCG Translation	TranslationCredit	1	0	1
RGCD - 2011	NeedsReview	1	1	0
RT-01	NeedsReview	1	1	0
RT-04	NeedsReview	1	1	0
RU	Language	1	1	0
Racing	NeedsReview	1	0	1
Radarsoft	NeedsReview	1	1	0
Rain, Gravitoid 2350, Duck Hunt, and Space Junk - EU	NeedsReview	1	1	0
Re-Hashed by Jon Wells	NeedsReview	1	1	0
Recalbox	NeedsReview	1	1	0
Recalled	NeedsReview	1	0	1
Red Disc	NeedsReview	1	0	1
Red Door - EU	NeedsReview	1	1	0
Reduced Lag Patch by Nintendo 64 Wizard - NA	HackOrPatchCredit	1	1	0
Redux Patch, Rev 2, by Maroc - NA	HackOrPatchCredit	1	1	0
Redux Patch, Rev 2.2, by Maroc	HackOrPatchCredit	1	1	0
Reflect, Heavier Than Metal, Reverse, GFX, M Driver, and Fishinvaders - EU	NeedsReview	1	1	0
Relocalized and Uncensored Patch by CoolGuyBrendyn, Rev 1.5 - Perfect Edition Version	HackOrPatchCredit	1	1	0
Remastered	NeedsReview	1	1	0
Rental	NeedsReview	1	0	1
Retream - 2022	NeedsReview	1	1	0
Retro Achievements Version	NeedsReview	1	1	0
Retro Collection	NeedsReview	1	0	1
Retroad	NeedsReview	1	1	0
Retrosouls - 2020	NeedsReview	1	1	0
Rev 1 - English Translated by Gemini, Rev 1a	TranslationCredit	1	1	0
Rev 1 - English Translated by LostOkina, Rev 1.1	TranslationCredit	1	1	0
Rev 1 - English Translated by Stardust Crusaders, Aishsha, Paul_met, and Others, Rev 1.4	TranslationCredit	1	1	0
Rev 1, English Translated by MonstermanMFR	TranslationCredit	1	1	0
Rev 2 - EU	Region+Revision	1	1	0
Rev 4 - EU	Region+Revision	1	1	0
Rev 4321	Revision	1	0	1
Rev 5C21	Revision	1	0	1
Rev D	Revision	1	0	1
Rev E	Revision	1	1	0
Rev F	Revision	1	1	0
Rev H	Revision	1	1	0
Reverse Entry	NeedsReview	1	0	1
Reversi, Clue Crossword, and Tank Chase - EU	NeedsReview	1	1	0
Revised	Revision	1	0	1
Revision	Revision	1	0	1
Ricky's Quiz Show, Underwater Adventure, and Lunar Buggy - EU	NeedsReview	1	1	0
Riff Sampler Test	NeedsReview	1	0	1
Robert A. Tokar	NeedsReview	1	0	1
Robot War IV	NeedsReview	1	1	0
Rocket Shuts the Hell Up Patch, Rev 420.69a, by Logan Derbin - NA	HackOrPatchCredit	1	1	0
Rod & Emu - 2017	NeedsReview	1	1	0
Rod & Emu - 2018	NeedsReview	1	1	0
Rod & Emu - 2019	NeedsReview	1	1	0
Route A	NeedsReview	1	1	0
Route B	NeedsReview	1	1	0
Route C	NeedsReview	1	1	0
Route D	NeedsReview	1	1	0
Route E	NeedsReview	1	1	0
RunStop64 - 2022	NeedsReview	1	1	0
Ryuu Hangan Hen	NeedsReview	1	0	1
S-F6	NeedsReview	1	1	0
S-M6	NeedsReview	1	1	0
S-P1	NeedsReview	1	1	0
S-P6	NeedsReview	1	1	0
SAAS	NeedsReview	1	0	1
SACS	NeedsReview	1	0	1
SADS, SAES	NeedsReview	1	0	1
SAM Fruit and SAMSnake - EU	NeedsReview	1	1	0
SAM Mines, EggBum, Surface Raider, and Hang-SAM! - EU	NeedsReview	1	1	0
SC4-2 A	NeedsReview	1	1	0
SC4-3 X	NeedsReview	1	1	0
SCADS Demo MK II, Space Worm 2, Snail Race, and Hang Man - EU	NeedsReview	1	1	0
SCADS Demo, Spaceball, Bug, Space Worm, and Chemical Test - EU	NeedsReview	1	1	0
SCES-00064	NeedsReview	1	0	1
SCES-00121	NeedsReview	1	0	1
SCUS-94177	NeedsReview	1	0	1
SCUS-94224	NeedsReview	1	0	1
SCUS-94290	NeedsReview	1	0	1
SCUS-94295	NeedsReview	1	0	1
SCUS-94439	NeedsReview	1	0	1
SCUS-94470	NeedsReview	1	0	1
SCUS-94956	NeedsReview	1	0	1
SDK 3.0	NeedsReview	1	0	1
SLPM-87153	NeedsReview	1	0	1
SLUS-00612	NeedsReview	1	0	1
SM4-4 E	NeedsReview	1	1	0
SNS-NA	NeedsReview	1	0	1
SPC009	NeedsReview	1	1	0
Sailor Moon Fighter S Hack by Metaquarius, Rev 1.67 - Purist Edition	HackOrPatchCredit	1	1	0
Samar Productions - 2007	NeedsReview	1	1	0
Sample-ban	NeedsReview	1	0	1
Samsung	NeedsReview	1	0	1
Santa '96, Space Invaders, Word Search, and Squiggly - EU	NeedsReview	1	1	0
Santa Goes Psycho 2 and Xmas Blokit - EU	NeedsReview	1	1	0
Scene World Magazine - 2022	NeedsReview	1	1	0
Scientific Atlanta	NeedsReview	1	0	1
Screen 7	NeedsReview	1	1	0
Screen-Relative Steering	NeedsReview	1	0	1
Sea Wolf - EU	NeedsReview	1	1	0
Secret Characters and 60 FPS Patches by Gallaux - NA	NeedsReview	1	1	0
Sega 3D Fukkoku Akaibusu	NeedsReview	1	0	1
Sega CD	NeedsReview	1	0	1
Sega Classic	NeedsReview	1	0	1
Sega Gopher	NeedsReview	1	0	1
Sega Pro	NeedsReview	1	0	1
Sega-Galaga and Monaco GP - KR	NeedsReview	1	1	0
Seiyuu Interview Hi CD	NeedsReview	1	0	1
Sengoku Kawaraban - Digital Edition	NeedsReview	1	0	1
Service Price-ban	NeedsReview	1	0	1
Set 2	NeedsReview	1	1	0
Shadow over Mystara	NeedsReview	1	0	1
Shadows of the Past - EU	NeedsReview	1	1	0
Shallan - 2019	NeedsReview	1	1	0
Shanghai Tycoon	NeedsReview	1	1	0
Shanghai, Highway, and Bomb! - EU	NeedsReview	1	1	0
ShareData	NeedsReview	1	0	1
Shirayuki - Ijuin - Nozaki	NeedsReview	1	0	1
Shokai Gentei Box	NeedsReview	1	0	1
Shokai Gentei Special Package	NeedsReview	1	0	1
Shokai Gentei Yobikake-kun	NeedsReview	1	0	1
Shokai Seisan Gentei Shiyou	NeedsReview	1	0	1
Shokai Seisan Genteiban	NeedsReview	1	0	1
Shokai Seisanban	NeedsReview	1	0	1
Shokai Suuryou Genteiban	NeedsReview	1	0	1
Shot Yousei Kouza Vol. 1	NeedsReview	1	0	1
Shot Yousei Kouza Vol. 2	NeedsReview	1	0	1
Shougakusei Jidai	NeedsReview	1	0	1
Showdown	NeedsReview	1	0	1
Sierra Online	NeedsReview	1	1	0
Sink the Sub, SAM Coupé Derby, Quizmaster! Question Game, Football, Go-Kart, Count, Guess the Number, and Snake - Vertical - EU	NeedsReview	1	1	0
Sintax	NeedsReview	1	0	1
Sky, G-Tennis, and Meiro Game - JP	NeedsReview	1	1	0
Slider Puzzle - EU	NeedsReview	1	1	0
Slider and Three - EU	NeedsReview	1	1	0
Sliding Puzzle - EU	NeedsReview	1	1	0
Slow Tanks	NeedsReview	1	0	1
Slow Version	NeedsReview	1	1	0
Slydeeo and Computer Patience - EU	NeedsReview	1	1	0
Small Maze	NeedsReview	1	1	0
Smash - NA, Rev 1 - Disc 4	NeedsReview	1	1	0
Smash Remix Patch, Rev 1.5, by The_Smashfather - NA	HackOrPatchCredit	1	1	0
Snake Mania, Mr. Pac, and Bottles - EU	NeedsReview	1	1	0
Sniper Fire, Repel, and Chase & Slidy - EU	NeedsReview	1	1	0
Soccer	NeedsReview	1	0	1
Solitaire, Snake - Large Playfield, and Crossword Edition 3 - EU	NeedsReview	1	1	0
Sonic Compilation ~ Sonic Classics	NeedsReview	1	0	1
Sony Computer Entertainment Special	NeedsReview	1	0	1
Sony Style - No Rounding	NeedsReview	1	1	0
Sorbas - 2021	NeedsReview	1	1	0
Sos - 2014	NeedsReview	1	1	0
Soukan Junbigou Hibaihin	NeedsReview	1	0	1
Soul Magician, Patience, and Dotty - EU	NeedsReview	1	1	0
Space Invaders! - EU	NeedsReview	1	1	0
Space Moguls - 2019	NeedsReview	1	1	0
Spaceworld '97 Beta Experience Patch by Zel	HackOrPatchCredit	1	1	0
Spec Tiles, Attack Raiders, Inter-Race, and Not Again! - EU	NeedsReview	1	1	0
Special	NeedsReview	1	0	1
Special CD	NeedsReview	1	0	1
Special CD-ROM	NeedsReview	1	0	1
Special Fishing Set	NeedsReview	1	0	1
Special Limited Pack	NeedsReview	1	0	1
Special Pack	NeedsReview	1	0	1
Special Version	NeedsReview	1	0	1
Special Version 1	NeedsReview	1	0	1
Special Version 2	NeedsReview	1	0	1
Special-ban	NeedsReview	1	0	1
Speeder and Bend Bent - JP	NeedsReview	1	1	0
Spellmaster, Parallax, and Starshot - EU	NeedsReview	1	1	0
Spring	NeedsReview	1	0	1
Springy Thingy and Placer - EU	NeedsReview	1	1	0
Sprite Improvement Patch, Rev 1.1, by Poody	HackOrPatchCredit	1	1	0
Sputnik World - 2018	NeedsReview	1	1	0
Sputnik World - 2021	NeedsReview	1	1	0
Square Soft on PlayStation Previews	NeedsReview	1	0	1
Square's Preview Extra	NeedsReview	1	0	1
Standalone Game from Tokimeki Memorial - Forever with You - JP	NeedsReview	1	1	0
Standard - Dirt	NeedsReview	1	1	0
Standard - Quarry	NeedsReview	1	1	0
Standard Controller	NeedsReview	1	0	1
StarStruck Compilation Patch by Ok Impala! - NA	HackOrPatchCredit	1	1	0
StarTrekker and Ultimate Warrior - EU	NeedsReview	1	1	0
Starbug and Mosaic - EU	NeedsReview	1	1	0
Starbyte - 1990	NeedsReview	1	1	0
Starshot, Mine, Fortress, EggBum, 3D Maze, Whirlpool, and Black Box - EU	NeedsReview	1	1	0
Start Hack	HackOrPatchCredit	1	1	0
Stax!, SAM the Man, Submarine, and FRED Game - EU	NeedsReview	1	1	0
Steam, GOG	Platform	1	0	1
Stocks, Maze Muncher, and Bits and Bobs - EU	NeedsReview	1	1	0
Strider Hiryuu	NeedsReview	1	0	1
Strider Hiryuu 2	NeedsReview	1	0	1
Subgames	NeedsReview	1	0	1
Summer	NeedsReview	1	0	1
Suntek	NeedsReview	1	0	1
Super Action Controller	NeedsReview	1	0	1
Super Justice King	NeedsReview	1	1	0
Super Man	NeedsReview	1	1	0
Super Mario Collection - 25th Anniversary	NeedsReview	1	0	1
Super Rally, Super Rally 2, Change, Moonlander, 21 or Bust, Monopoly, Star Cry, Megabert, S.O.S., Pontoon, Snake, and Prince of Persia - EU	NeedsReview	1	1	0
Super Robot Wars Complete Box	NeedsReview	1	0	1
Super Tank - KR	NeedsReview	1	1	0
SuperUFO	NeedsReview	1	1	0
Supersoft	NeedsReview	1	1	0
Sv,No	Language	1	0	1
Sv,No,Da	Language	1	0	1
Sv,No,Fi	Language	1	0	1
Swallower and Cribbage - EU	NeedsReview	1	1	0
Sweets for My Sweet and Ice Chicken - EU	NeedsReview	1	1	0
Switch, PS Vita	Platform	1	0	1
Synsoft	NeedsReview	1	1	0
System-X - 2021	NeedsReview	1	1	0
T-230	NeedsReview	1	1	0
T-T3	NeedsReview	1	1	0
TJAJ	NeedsReview	1	0	1
TJBJ	NeedsReview	1	0	1
TJCJ	NeedsReview	1	0	1
TJDJ	NeedsReview	1	0	1
TJEJ	NeedsReview	1	0	1
TMR - 2018	NeedsReview	1	1	0
TND - 2020	NeedsReview	1	1	0
TND+Blazon - 2023	NeedsReview	1	1	0
TNT-Beyond Force - 2010	NeedsReview	1	1	0
TOBJ	NeedsReview	1	0	1
TRSI - 2011	NeedsReview	1	1	0
Tag Anywhere and Features Menu Patches, Rev 5, by Isotarge - NA	NeedsReview	1	1	0
Taijing Dadong	NeedsReview	1	0	1
Taikenban 1	NeedsReview	1	0	1
Taikenban 2	NeedsReview	1	0	1
Taisen Sen'you Disc	NeedsReview	1	0	1
Tambourine Set	NeedsReview	1	0	1
Teddy Boy Blues - JP	NeedsReview	1	1	0
Tenpins, Meteor Runner & Vortex	NeedsReview	1	1	0
Tentou Jitsuenban	NeedsReview	1	0	1
Tentou Shiyuudai-you Disc	NeedsReview	1	0	1
Tentou-you Movie Disc	NeedsReview	1	0	1
Tentou-you Special CD-ROM	NeedsReview	1	0	1
Terror Disc	NeedsReview	1	0	1
Test Drive Disc	NeedsReview	1	0	1
Tetris, Shanghai, and Soccer Boss - EU	NeedsReview	1	1	0
Tetris, Sim Island, and Gods - Demo - EU	NeedsReview	1	1	0
The Atom Field Game - EU	NeedsReview	1	1	0
The Bugulators, Draconis, and Frog Squad - EU	NeedsReview	1	1	0
The Dark Tower - EU	NeedsReview	1	1	0
The Documentation	NeedsReview	1	0	1
The Dragon	NeedsReview	1	1	0
The Edge	NeedsReview	1	1	0
The Hermitage and Corya the Warrior-Sage I - Dragon - EU	NeedsReview	1	1	0
The Legend of Zelda - Ocarina of Time leftover data	NeedsReview	1	0	1
The Lost Tomb of Ananka - EU	NeedsReview	1	1	0
The Mojon Twins - 2010	NeedsReview	1	1	0
The Number Puzzle, Tycoon, and Tetris - EU	NeedsReview	1	1	0
The Rail Game - EU	NeedsReview	1	1	0
The Retro Room	NeedsReview	1	0	1
The Rubik Cube and War Games - EU	Region+Label	1	1	0
The Secret City of Kokos Khan, and SCADS Demo - EU	NeedsReview	1	1	0
The Taxman Cometh - EU	NeedsReview	1	1	0
The Trader Trilogy - Part 1 - Pegasus, Guess a Tune, and The Tower of Hanoi - EU	NeedsReview	1	1	0
The Valley - EU	NeedsReview	1	1	0
The Wars of the Roses and The Game of Nim - EU	NeedsReview	1	1	0
The Wyrme, Investigations, Clue Crossword, and Pontoon - EU	NeedsReview	1	1	0
TheStuffMade - 2022	NeedsReview	1	1	0
Theater	NeedsReview	1	0	1
Thunderbolt II	NeedsReview	1	0	1
Thundervision	NeedsReview	1	1	0
Time Crisis + GunCon	NeedsReview	1	0	1
Tokusei Premium Disc	NeedsReview	1	0	1
Topo Soft	NeedsReview	1	1	0
Tower of Doom	NeedsReview	1	0	1
Track 39	NeedsReview	1	1	0
Track 4	NeedsReview	1	1	0
Track 40	NeedsReview	1	1	0
Track 41	NeedsReview	1	1	0
Track 42	NeedsReview	1	1	0
Track 43	NeedsReview	1	1	0
Track 44	NeedsReview	1	1	0
Track 45	NeedsReview	1	1	0
Track 46	NeedsReview	1	1	0
Track 47	NeedsReview	1	1	0
Track 48	NeedsReview	1	1	0
Track 49	NeedsReview	1	1	0
Track 50	NeedsReview	1	1	0
Track 51	NeedsReview	1	1	0
Track 52	NeedsReview	1	1	0
Track 53	NeedsReview	1	1	0
Track 54	NeedsReview	1	1	0
Track 55	NeedsReview	1	1	0
Track 56	NeedsReview	1	1	0
Track 57	NeedsReview	1	1	0
Track 58	NeedsReview	1	1	0
Track 59	NeedsReview	1	1	0
Track 60	NeedsReview	1	1	0
Track 61	NeedsReview	1	1	0
Track 62	NeedsReview	1	1	0
Track 63	NeedsReview	1	1	0
Track 64	NeedsReview	1	1	0
Track 65	NeedsReview	1	1	0
Track 66	NeedsReview	1	1	0
Track 67	NeedsReview	1	1	0
Track 68	NeedsReview	1	1	0
Track 69	NeedsReview	1	1	0
Treasure Island and The Magic Isle - EU	NeedsReview	1	1	0
Treasure Island, The Ellisnore Diamond, The Dark Tower, and The Mines of Lithiad - EU	NeedsReview	1	1	0
Triltex 2, Puzzled, Maths, and Castle - EU	NeedsReview	1	1	0
Triltex and Sim Island - EU	NeedsReview	1	1	0
Triltex and The Viking Game - EU	NeedsReview	1	1	0
Tringle and StereoMove - EU	NeedsReview	1	1	0
TsuriCon Taiouban	NeedsReview	1	0	1
Tweaks	NeedsReview	1	1	0
Twierdza	NeedsReview	1	1	0
U.F.O. - Alien Massacre, Robots, Kaboomy Game from Planet Fip, and Mines - EU	NeedsReview	1	1	0
U.S. Version	NeedsReview	1	1	0
UBI Soft	NeedsReview	1	1	0
UNROM 512	NeedsReview	1	1	0
UOROM	NeedsReview	1	1	0
US	Region	1	1	0
USA, Europe, Asia	Region	1	0	1
USA, Europe, Australia	Region	1	0	1
USA, Taiwan	Region	1	0	1
Ubi Soft	NeedsReview	1	0	1
Un CD Bonus	NeedsReview	1	0	1
Un-Worked Design Patch by Supper With 1-4th Encounter Rate Patch, Rev 1.1, by Insane - NA	HackOrPatchCredit	1	1	0
Un-Worked Design Patch, Rev 2, by Studio Lucia - NA	HackOrPatchCredit	1	1	0
Uncensored Patch by DarkMadman_69 - NA	HackOrPatchCredit	1	1	0
Under Fire, Battleships, SAM Tetris, Puzzle Slider, Save the Village! - EU	NeedsReview	1	1	0
Unreal - 2006	NeedsReview	1	1	0
Up the Wall, Solitaire!, and Abo - EU	NeedsReview	1	1	0
V1.000	Revision	1	1	0
V1.5	Revision	1	0	1
V1995	Revision	1	1	0
V2	Revision	1	1	0
V4.0.11	Revision	1	1	0
VR-Disc	NeedsReview	1	0	1
VT-3074	NeedsReview	1	1	0
VT-3121	NeedsReview	1	1	0
VT-327	NeedsReview	1	1	0
VT-482	NeedsReview	1	1	0
VT302	NeedsReview	1	1	0
VT365,NT2057	NeedsReview	1	1	0
VT5114,NT2041	NeedsReview	1	1	0
VT605	NeedsReview	1	0	1
Value 1500	NeedsReview	1	0	1
Vector5 Games - 2021	NeedsReview	1	1	0
Verkami	NeedsReview	1	1	0
Version 1	NeedsReview	1	0	1
Version 1 Jugador	NeedsReview	1	0	1
Version 2	NeedsReview	1	0	1
Version 2 Jugadores	NeedsReview	1	0	1
Version 2 Spieler	NeedsReview	1	0	1
Version 2.0	NeedsReview	1	0	1
Version 2.00S	NeedsReview	1	0	1
Version 2.01R	NeedsReview	1	0	1
Version 2.01S	NeedsReview	1	0	1
Version 2.10	NeedsReview	1	0	1
Version 3	NeedsReview	1	0	1
Version 5	NeedsReview	1	0	1
Version 6	NeedsReview	1	0	1
Version 7	NeedsReview	1	0	1
Versione 2 Giocatori	NeedsReview	1	0	1
Vertical Orientation	NeedsReview	1	1	0
VideoGames	NeedsReview	1	0	1
Virtual Console, Classic Mini	Platform	1	0	1
Visualize Software - 1995	NeedsReview	1	1	0
Vol. 2 - Inochigake no Tabi	NeedsReview	1	0	1
Vol. 3 - Watashi ni Sayonara wo	NeedsReview	1	0	1
WARNING! WILL TURN ALL COLORS BLACK!!	NeedsReview	1	1	0
WCW Saturday Night Patch, Rev 8-15-23, by GMSpectre1 - NA	HackOrPatchCredit	1	1	0
WQ2006 D	NeedsReview	1	1	0
WQ5412	NeedsReview	1	1	0
WS-0040	NeedsReview	1	1	0
WS-0362	NeedsReview	1	1	0
WaterWorks Extra Level, Invaders, and Squarius - EU	NeedsReview	1	1	0
WaterWorks, Flip 'n Hell, and Invaders - EU	NeedsReview	1	1	0
WaterWorks, The Bugulators, Dyzonium, Spell Master, M-C Demo, Impatience, Parallax, and Frog Squad - EU	NeedsReview	1	1	0
Waterworld, Astroball, WordSearch, Panic Attack, and Vegas - EU	NeedsReview	1	1	0
Weapons Update	NeedsReview	1	1	0
Web Version	NeedsReview	1	1	0
Werner Soft - 2022	NeedsReview	1	1	0
What's Going On	NeedsReview	1	0	1
Whirlygig, Grubbing for Gold, and Connect 4 - EU	NeedsReview	1	1	0
Wii U	Platform	1	0	1
Wind and Fang Tu - NA - Disc 2	NeedsReview	1	1	0
Windmill and Shapes Puzzle - EU	NeedsReview	1	1	0
Winter	NeedsReview	1	0	1
With Bugfixes - EU	NeedsReview	1	1	0
With Question Editor - EU	NeedsReview	1	1	0
Wiz 'n' Liz - EU	NeedsReview	1	1	0
Wizardry VI - Bane of the Cosmic Forge - English Translated by Remisse, Rev 0.51	TranslationCredit	1	1	0
WonderWitch	NeedsReview	1	0	1
Wop Gamma, Kreuzen, and New York Game - EU	NeedsReview	1	1	0
WrestleMania X 64 Patch by GMSpectre1 - NA	HackOrPatchCredit	1	1	0
X	NeedsReview	1	1	0
X-Sights, Wabbitz, C Mines, Ants, and Sim Brick - EU	NeedsReview	1	1	0
XYZ	NeedsReview	1	1	0
Xword, Bingo, and Crashout - EU	NeedsReview	1	1	0
YOKO	NeedsReview	1	1	0
YY-01	NeedsReview	1	1	0
YY-030	NeedsReview	1	1	0
YY0807	NeedsReview	1	1	0
Yahtzee and Memory Game - EU	NeedsReview	1	1	0
Yahtzee, Super League, Tower of Hanoi, Pain Game, Horsie, and Invaders - EU	NeedsReview	1	1	0
Yahzee or Yacht and Seven Card Poker - EU	NeedsReview	1	1	0
Yancheng	NeedsReview	1	1	0
Yarudora Series Vol. 1 - Double Cast	NeedsReview	1	0	1
Yellow Disc	NeedsReview	1	0	1
Yoko	NeedsReview	1	0	1
Yokokuban	NeedsReview	1	0	1
Ys - Ancient Ys Vanished Omen Saturn Mode - English Translated by Murzik and CrawdKenny, Rev 0.763	TranslationCredit	1	1	0
Ys - The Oath of Felghana	NeedsReview	1	1	0
Ys Origin - Hugo	NeedsReview	1	1	0
Ys Origin - Yunica	NeedsReview	1	1	0
Yumie Island	NeedsReview	1	0	1
Yuugi-ban	NeedsReview	1	0	1
ZAZ	NeedsReview	1	0	1
ZBZ	NeedsReview	1	0	1
ZR006	NeedsReview	1	1	0
Zeropaige - 2019	NeedsReview	1	1	0
Zig-Zag - EU	NeedsReview	1	1	0
Zoinks, Captain Cosmic, Nine Card, and Lottery - EU	NeedsReview	1	1	0
Zoo Digital	NeedsReview	1	0	1
^^; (Japan	NeedsReview	1	0	1
aa9d5fd	NeedsReview	1	1	0
aka Crazy Coaster	NeedsReview	1	1	0
aka Froggee	NeedsReview	1	1	0
aka Overlord	NeedsReview	1	1	0
aka Pengo	NeedsReview	1	1	0
aka Skate Ball	NeedsReview	1	1	0
aka Speedboat Race	NeedsReview	1	1	0
aka Tournament Snooker	NeedsReview	1	1	0
alpham2	NeedsReview	1	1	0
alpham2p	NeedsReview	1	1	0
androdun	NeedsReview	1	1	0
aodk	NeedsReview	1	1	0
aof	NeedsReview	1	1	0
aof2	NeedsReview	1	1	0
aof2a	NeedsReview	1	1	0
aof3	NeedsReview	1	1	0
aof3k	NeedsReview	1	1	0
b2b	NeedsReview	1	1	0
bakatono	NeedsReview	1	1	0
bangbead	NeedsReview	1	1	0
bitbitJAM #3	NeedsReview	1	1	0
bjourney	NeedsReview	1	1	0
blazstar	NeedsReview	1	1	0
boot	NeedsReview	1	1	0
bootleg 1	NeedsReview	1	1	0
bootleg 2	NeedsReview	1	1	0
breakers	NeedsReview	1	1	0
breakrev	NeedsReview	1	1	0
bstars	NeedsReview	1	1	0
bstars2	NeedsReview	1	1	0
bstarsh	NeedsReview	1	1	0
bugfix	NeedsReview	1	1	0
burningf	NeedsReview	1	1	0
burningfh	NeedsReview	1	1	0
burningfp	NeedsReview	1	1	0
burningfpa	NeedsReview	1	1	0
canonical off-blacks	NeedsReview	1	1	0
cfcb276	NeedsReview	1	1	0
columnsn	NeedsReview	1	1	0
crswd2bl	NeedsReview	1	1	0
crsword	NeedsReview	1	1	0
ct2k3sa	NeedsReview	1	1	0
ct2k3sp	NeedsReview	1	1	0
cthd2003	NeedsReview	1	1	0
ctomaday	NeedsReview	1	1	0
cyberlip	NeedsReview	1	1	0
dev	NeedsReview	1	1	0
diggerma	NeedsReview	1	1	0
dk'tronics	NeedsReview	1	1	0
doubledr	NeedsReview	1	1	0
dragonsh	NeedsReview	1	1	0
eightman	NeedsReview	1	1	0
fatfursp	NeedsReview	1	1	0
fatfurspa	NeedsReview	1	1	0
fatfury1	NeedsReview	1	1	0
fatfury2	NeedsReview	1	1	0
fatfury3	NeedsReview	1	1	0
fbfrenzy	NeedsReview	1	1	0
fightfev	NeedsReview	1	1	0
fightfeva	NeedsReview	1	1	0
flipshot	NeedsReview	1	1	0
frogfest	NeedsReview	1	1	0
froman2b	NeedsReview	1	1	0
fswords	NeedsReview	1	1	0
galaxyfg	NeedsReview	1	1	0
ganryu	NeedsReview	1	1	0
garou	NeedsReview	1	1	0
goalx3	NeedsReview	1	1	0
gowcaizr	NeedsReview	1	1	0
gpilots	NeedsReview	1	1	0
gpilotsh	NeedsReview	1	1	0
gururin	NeedsReview	1	1	0
hack 1	HackOrPatchCredit	1	1	0
hack 2	HackOrPatchCredit	1	1	0
ironclado	NeedsReview	1	1	0
irrmaze	NeedsReview	1	1	0
itch.io	Platform	1	1	0
janshin	NeedsReview	1	1	0
jockeygp	NeedsReview	1	1	0
jockeygpa	NeedsReview	1	1	0
joyjoy	NeedsReview	1	1	0
jwarby	NeedsReview	1	1	0
k0rn	NeedsReview	1	1	0
kabukikl	NeedsReview	1	1	0
karnovr	NeedsReview	1	1	0
kf10thep	NeedsReview	1	1	0
kf2k2mp	NeedsReview	1	1	0
kf2k2mp2	NeedsReview	1	1	0
kf2k2pla	NeedsReview	1	1	0
kf2k2pls	NeedsReview	1	1	0
kf2k3bl	NeedsReview	1	1	0
kf2k3bla	NeedsReview	1	1	0
kf2k3pl	NeedsReview	1	1	0
kf2k3upl	NeedsReview	1	1	0
kf2k5uni	NeedsReview	1	1	0
kizuna	NeedsReview	1	1	0
kof2000	NeedsReview	1	1	0
kof2000n	NeedsReview	1	1	0
kof2001	NeedsReview	1	1	0
kof2001h	NeedsReview	1	1	0
kof2002	NeedsReview	1	1	0
kof2002b	NeedsReview	1	1	0
kof2003	NeedsReview	1	1	0
kof2003h	NeedsReview	1	1	0
kof2k4se	NeedsReview	1	1	0
kof94	NeedsReview	1	1	0
kof95	NeedsReview	1	1	0
kof95a	NeedsReview	1	1	0
kof95h	NeedsReview	1	1	0
kof96	NeedsReview	1	1	0
kof96h	NeedsReview	1	1	0
kof97	NeedsReview	1	1	0
kof97h	NeedsReview	1	1	0
kof97k	NeedsReview	1	1	0
kof97oro	NeedsReview	1	1	0
kof97pls	NeedsReview	1	1	0
kof98	NeedsReview	1	1	0
kof98a	NeedsReview	1	1	0
kof98ae	NeedsReview	1	1	0
kof98h	NeedsReview	1	1	0
kof98k	NeedsReview	1	1	0
kof98ka	NeedsReview	1	1	0
kof99	NeedsReview	1	1	0
kof99e	NeedsReview	1	1	0
kof99h	NeedsReview	1	1	0
kof99k	NeedsReview	1	1	0
kof99ka	NeedsReview	1	1	0
kof99p	NeedsReview	1	1	0
kog	NeedsReview	1	1	0
kotm	NeedsReview	1	1	0
kotm2	NeedsReview	1	1	0
kotm2a	NeedsReview	1	1	0
kotm2p	NeedsReview	1	1	0
kotmh	NeedsReview	1	1	0
lans2004	NeedsReview	1	1	0
lastblad	NeedsReview	1	1	0
lastbladh	NeedsReview	1	1	0
lastbld2	NeedsReview	1	1	0
lasthope	NeedsReview	1	1	0
lasthpcd	NeedsReview	1	1	0
lastsold	NeedsReview	1	1	0
lbowling	NeedsReview	1	1	0
legendos	NeedsReview	1	1	0
lresort	NeedsReview	1	1	0
lresortp	NeedsReview	1	1	0
magdrop2	NeedsReview	1	1	0
magdrop3	NeedsReview	1	1	0
maglord	NeedsReview	1	1	0
maglordh	NeedsReview	1	1	0
mahretsu	NeedsReview	1	1	0
malcontent - 2021	NeedsReview	1	1	0
marukodq	NeedsReview	1	1	0
matrim	NeedsReview	1	1	0
matrimbl	NeedsReview	1	1	0
miexchng	NeedsReview	1	1	0
minasan	NeedsReview	1	1	0
moshougi	NeedsReview	1	1	0
ms4plus	NeedsReview	1	1	0
ms5pcb	NeedsReview	1	1	0
ms5plus	NeedsReview	1	1	0
mslug	NeedsReview	1	1	0
mslug2	NeedsReview	1	1	0
mslug2t	NeedsReview	1	1	0
mslug3	NeedsReview	1	1	0
mslug3b6	NeedsReview	1	1	0
mslug3h	NeedsReview	1	1	0
mslug4	NeedsReview	1	1	0
mslug4h	NeedsReview	1	1	0
mslug5	NeedsReview	1	1	0
mslug5h	NeedsReview	1	1	0
mslugx	NeedsReview	1	1	0
mutnat	NeedsReview	1	1	0
nam1975	NeedsReview	1	1	0
ncombat	NeedsReview	1	1	0
ncombath	NeedsReview	1	1	0
ncommand	NeedsReview	1	1	0
neobombe	NeedsReview	1	1	0
neocup98	NeedsReview	1	1	0
neodrift	NeedsReview	1	1	0
neofight	NeedsReview	1	1	0
neomrdo	NeedsReview	1	1	0
neothund	NeedsReview	1	1	0
ninjamas	NeedsReview	1	1	0
nitd	NeedsReview	1	1	0
nitdbl	NeedsReview	1	1	0
overtop	NeedsReview	1	1	0
panicbom	NeedsReview	1	1	0
pbobbl2n	NeedsReview	1	1	0
pbobblen	NeedsReview	1	1	0
pbobblenb	NeedsReview	1	1	0
pgoal	NeedsReview	1	1	0
pnyaa	NeedsReview	1	1	0
popbounc	NeedsReview	1	1	0
preisle2	NeedsReview	1	1	0
prev	NeedsReview	1	1	0
prototype 2	Preview	1	1	0
prototype. bootleg	NeedsReview	1	1	0
pspikes2	NeedsReview	1	1	0
pulstar	NeedsReview	1	1	0
pure blacks	NeedsReview	1	1	0
puzzldpr	NeedsReview	1	1	0
puzzledp	NeedsReview	1	1	0
quizdai2	NeedsReview	1	1	0
quizdais	NeedsReview	1	1	0
quizdaisk	NeedsReview	1	1	0
quizkof	NeedsReview	1	1	0
quizkofk	NeedsReview	1	1	0
r313	NeedsReview	1	1	0
ragnagrd	NeedsReview	1	1	0
rbff1	NeedsReview	1	1	0
rbff1a	NeedsReview	1	1	0
rbff1k	NeedsReview	1	1	0
rbff2	NeedsReview	1	1	0
rbff2h	NeedsReview	1	1	0
rbff2k	NeedsReview	1	1	0
rbffspec	NeedsReview	1	1	0
rbffspeck	NeedsReview	1	1	0
ridhero	NeedsReview	1	1	0
ridheroh	NeedsReview	1	1	0
roboarma	NeedsReview	1	1	0
roboarmy	NeedsReview	1	1	0
rotd	NeedsReview	1	1	0
rotdh	NeedsReview	1	1	0
s1945p	NeedsReview	1	1	0
samsh5sp	NeedsReview	1	1	0
samsh5sph	NeedsReview	1	1	0
samsh5spho	NeedsReview	1	1	0
samsho	NeedsReview	1	1	0
samsho2	NeedsReview	1	1	0
samsho2k	NeedsReview	1	1	0
samsho2ka	NeedsReview	1	1	0
samsho3	NeedsReview	1	1	0
samsho3h	NeedsReview	1	1	0
samsho4	NeedsReview	1	1	0
samsho4k	NeedsReview	1	1	0
samsho5	NeedsReview	1	1	0
samsho5b	NeedsReview	1	1	0
samsho5h	NeedsReview	1	1	0
samsho5x	NeedsReview	1	1	0
samshoh	NeedsReview	1	1	0
savagere	NeedsReview	1	1	0
sbp	NeedsReview	1	1	0
sdodgeb	NeedsReview	1	1	0
sengoku	NeedsReview	1	1	0
sengoku2	NeedsReview	1	1	0
sengoku3	NeedsReview	1	1	0
sengokuh	NeedsReview	1	1	0
shocktr2	NeedsReview	1	1	0
shocktro	NeedsReview	1	1	0
shocktroa	NeedsReview	1	1	0
socbrawl	NeedsReview	1	1	0
socbrawlh	NeedsReview	1	1	0
sonicwi2	NeedsReview	1	1	0
sonicwi3	NeedsReview	1	1	0
spinmast	NeedsReview	1	1	0
ssideki	NeedsReview	1	1	0
ssideki2	NeedsReview	1	1	0
ssideki3	NeedsReview	1	1	0
ssideki4	NeedsReview	1	1	0
stakwin	NeedsReview	1	1	0
stakwin2	NeedsReview	1	1	0
strhoop	NeedsReview	1	1	0
superspy	NeedsReview	1	1	0
svc	NeedsReview	1	1	0
svcboot	NeedsReview	1	1	0
svcpcb	NeedsReview	1	1	0
svcpcba	NeedsReview	1	1	0
svcplus	NeedsReview	1	1	0
svcplusa	NeedsReview	1	1	0
svcsplus	NeedsReview	1	1	0
tetrismn	NeedsReview	1	1	0
tophuntr	NeedsReview	1	1	0
tophuntrh	NeedsReview	1	1	0
totc	NeedsReview	1	1	0
tpgolf	NeedsReview	1	1	0
trally	NeedsReview	1	1	0
turfmast	NeedsReview	1	1	0
twinspri	NeedsReview	1	1	0
tws96	NeedsReview	1	1	0
unenc	NeedsReview	1	1	0
v.01	NeedsReview	1	1	0
v0.0	Revision	1	1	0
v0.00001	Revision	1	1	0
v0.03a	Revision	1	1	0
v0.05	Revision	1	1	0
v0.07	Revision	1	1	0
v0.10.0	Revision	1	1	0
v0.10.122	Revision	1	1	0
v0.161	Revision	1	1	0
v0.165	Revision	1	1	0
v0.1b	Revision	1	1	0
v0.2.1	Revision	1	1	0
v0.21b	Revision	1	1	0
v0.2a	Revision	1	1	0
v0.3.1	Revision	1	1	0
v0.3.2	Revision	1	1	0
v0.32	Revision	1	0	1
v0.35	Revision	1	0	1
v0.36	Revision	1	0	1
v0.38	Revision	1	0	1
v0.39	Revision	1	0	1
v0.396	Revision	1	1	0
v0.399	Revision	1	1	0
v0.3a	Revision	1	1	0
v0.4.0	Revision	1	1	0
v0.40	Revision	1	0	1
v0.41	Revision	1	0	1
v0.41B	Revision	1	0	1
v0.41C	Revision	1	0	1
v0.41D	Revision	1	0	1
v0.43	Revision	1	1	0
v0.44	Revision	1	1	0
v0.44a	Revision	1	0	1
v0.5.095	Revision	1	1	0
v0.50	Revision	1	1	0
v0.51	Revision	1	1	0
v0.55	Revision	1	1	0
v0.58	Revision	1	1	0
v0.61	Revision	1	1	0
v0.62	Revision	1	1	0
v0.68	Revision	1	1	0
v0.7	Revision	1	1	0
v0.70	Revision	1	1	0
v0.71	Revision	1	1	0
v0.80	Revision	1	1	0
v0.81	Revision	1	1	0
v0.83.0	Revision	1	1	0
v0.84	Revision	1	1	0
v0.86	Revision	1	1	0
v0.9.106	Revision	1	1	0
v0.90	Revision	1	1	0
v0.92.3	Revision	1	1	0
v0.924B	Revision	1	1	0
v0.93	Revision	1	0	1
v0.93.0	Revision	1	1	0
v0.950	Revision	1	1	0
v0.99	Revision	1	1	0
v0.990	Revision	1	1	0
v0.99a	Revision	1	1	0
v0.99b	Revision	1	1	0
v0.99c	Revision	1	1	0
v05	Revision	1	0	1
v08	Revision	1	0	1
v0B	Revision	1	0	1
v1	Revision	1	0	1
v1.0.542	Revision	1	1	0
v1.00AI	Revision	1	0	1
v1.00AU	Revision	1	0	1
v1.067	Revision	1	0	1
v1.07	Revision	1	1	0
v1.07.3	Revision	1	1	0
v1.08	Revision	1	1	0
v1.08.1	Revision	1	1	0
v1.100	Revision	1	1	0
v1.15	Revision	1	1	0
v1.18b	Revision	1	1	0
v1.19	Revision	1	1	0
v1.2.1	Revision	1	1	0
v1.25	Revision	1	1	0
v1.2b	Revision	1	1	0
v1.3.0	Revision	1	1	0
v1.3e	Revision	1	1	0
v1.46	Revision	1	1	0
v1.52	Revision	1	1	0
v1.7	Revision	1	0	1
v10.0	Revision	1	0	1
v11.3	Revision	1	0	1
v13	Revision	1	0	1
v16	Revision	1	0	1
v1F	Revision	1	0	1
v2.0-alpha12	NeedsReview	1	1	0
v2.0-beta1	NeedsReview	1	1	0
v2.0-beta2	NeedsReview	1	1	0
v2.0-beta3	NeedsReview	1	1	0
v2.0-beta4	NeedsReview	1	1	0
v2.0-beta5	NeedsReview	1	1	0
v2.0-beta6	NeedsReview	1	1	0
v2.0-beta7	NeedsReview	1	1	0
v2.000	Revision	1	1	0
v2.013	Revision	1	0	1
v2.100	Revision	1	1	0
v2.4	Revision	1	0	1
v2.83	Revision	1	0	1
v3	Revision	1	1	0
v3.0.1	Revision	1	1	0
v3.0.2	Revision	1	1	0
v3.2	Revision	1	1	0
v3.5	Revision	1	0	1
v32	Revision	1	0	1
v4.2	Revision	1	0	1
v5	Revision	1	1	0
v5.2	Revision	1	1	0
v5.3	Revision	1	1	0
v7.0	Revision	1	0	1
v7.1	Revision	1	0	1
v9.0	Revision	1	0	1
viewpoin	NeedsReview	1	1	0
vliner	NeedsReview	1	1	0
vlinero	NeedsReview	1	1	0
wakuwak7	NeedsReview	1	1	0
wh1	NeedsReview	1	1	0
wh1h	NeedsReview	1	1	0
wh1ha	NeedsReview	1	1	0
wh2	NeedsReview	1	1	0
wh2j	NeedsReview	1	1	0
whp	NeedsReview	1	1	0
with 3D Control Pad	NeedsReview	1	0	1
with Color Emphasis disabled	NeedsReview	1	1	0
wjamerss	NeedsReview	1	1	0
wjammers	NeedsReview	1	1	0
xbox hack	HackOrPatchCredit	1	1	0
zedblade	NeedsReview	1	1	0
zintrckb	NeedsReview	1	1	0
zupapa	NeedsReview	1	1	0
